This is pdfTeX, Version 3.141592653-2.6-1.40.29 (MiKTeX 26.5) (preloaded format=pdflatex 2026.9.7)  8 SEP 2026 11:59
entering extended mode
 restricted \write18 enabled.
 file:line:error style messages enabled.
 %&-line parsing enabled.
**c:/Users/diego/OneDrive/Documentos/UCM/Otros/3º/Metodos_Numericos/main.tex
(c:/Users/diego/OneDrive/Documentos/UCM/Otros/3º/Metodos_Numericos/main.tex
LaTeX2e <2026-06-01>
L3 programming layer <2026-08-10>
(C:\Users\diego\AppData\Local\Programs\MiKTeX\tex/latex/base\article.cls
Document Class: article 2025/01/22 v1.4n Standard LaTeX document class
(C:\Users\diego\AppData\Local\Programs\MiKTeX\tex/latex/base\size11.clo
File: size11.clo 2025/01/22 v1.4n Standard LaTeX file (size option)
)
\c@part=\count276
\c@section=\count277
\c@subsection=\count278
\c@subsubsection=\count279
\c@paragraph=\count280
\c@subparagraph=\count281
\c@figure=\count282
\c@table=\count283
\abovecaptionskip=\skip49
\belowcaptionskip=\skip50
\bibindent=\dimen150
)

LaTeX Warning: \include should only be used after \begin{document} on input line 3.

(Preamble/Preamble.tex (C:\Users\diego\AppData\Local\Programs\MiKTeX\tex/latex/base\inputenc.sty
Package: inputenc 2024/02/08 v1.3d Input encoding file
\inpenc@prehook=\toks17
\inpenc@posthook=\toks18
) (C:\Users\diego\AppData\Local\Programs\MiKTeX\tex/latex/xcolor\xcolor.sty
Package: xcolor 2024/09/29 v3.02 LaTeX color extensions (UK)
 (C:\Users\diego\AppData\Local\Programs\MiKTeX\tex/latex/graphics-cfg\color.cfg
File: color.cfg 2016/01/02 v1.6 sample color configuration
)
Package xcolor Info: Driver file: pdftex.def on input line 274.
 (C:\Users\diego\AppData\Local\Programs\MiKTeX\tex/latex/graphics-def\pdftex.def
File: pdftex.def 2025/09/29 v1.2d Graphics/color driver for pdftex
) (C:\Users\diego\AppData\Local\Programs\MiKTeX\tex/latex/graphics\mathcolor.ltx)
Package xcolor Info: Model `cmy' substituted by `cmy0' on input line 1349.
Package xcolor Info: Model `hsb' substituted by `rgb' on input line 1353.
Package xcolor Info: Model `RGB' extended on input line 1365.
Package xcolor Info: Model `HTML' substituted by `rgb' on input line 1367.
Package xcolor Info: Model `Hsb' substituted by `hsb' on input line 1368.
Package xcolor Info: Model `tHsb' substituted by `hsb' on input line 1369.
Package xcolor Info: Model `HSB' substituted by `hsb' on input line 1370.
Package xcolor Info: Model `Gray' substituted by `gray' on input line 1371.
Package xcolor Info: Model `wave' substituted by `hsb' on input line 1372.
) (C:\Users\diego\AppData\Local\Programs\MiKTeX\tex/latex/colortbl\colortbl.sty
Package: colortbl 2026/05/01 v1.0l Color table columns (DPC)
 (C:\Users\diego\AppData\Local\Programs\MiKTeX\tex/latex/tools\array.sty
Package: array 2026/02/24 v2.7b Tabular extension package (FMi)
\col@sep=\dimen151
\ar@mcellbox=\box53
\extrarowheight=\dimen152
\NC@list=\toks19
\extratabsurround=\skip51
\backup@length=\skip52
\ar@cellbox=\box54
)
new hooks used!!
\minrowclearance=\skip53
\rownum=\count284
) (C:\Users\diego\AppData\Local\Programs\MiKTeX\tex/latex/cancel\cancel.sty
Package: cancel 2013/04/12 v2.2 Cancel math terms
) (C:\Users\diego\AppData\Local\Programs\MiKTeX\tex/latex/doublestroke\dsfont.sty
Package: dsfont 1995/08/01 v0.1 Double stroke roman fonts
) (C:\Users\diego\AppData\Local\Programs\MiKTeX\tex/latex/tools\multicol.sty
Package: multicol 2025/10/21 v2.0b multicolumn formatting (FMi)
\c@tracingmulticols=\count285
\mult@box=\box55
\multicol@leftmargin=\dimen153
\c@unbalance=\count286
\c@collectmore=\count287
\doublecol@number=\count288
\multicoltolerance=\count289
\multicolpretolerance=\count290
\full@width=\dimen154
\page@free=\dimen155
\premulticols=\dimen156
\postmulticols=\dimen157
\multicolsep=\skip54
\multicolbaselineskip=\skip55
\partial@page=\box56
\last@line=\box57
\mc@boxedresult=\box58
\maxbalancingoverflow=\dimen158
\mult@rightbox=\box59
\mult@grightbox=\box60
\mult@firstbox=\box61
\mult@gfirstbox=\box62
\@tempa=\box63
\@tempa=\box64
\@tempa=\box65
\@tempa=\box66
\@tempa=\box67
\@tempa=\box68
\@tempa=\box69
\@tempa=\box70
\@tempa=\box71
\@tempa=\box72
\@tempa=\box73
\@tempa=\box74
\@tempa=\box75
\@tempa=\box76
\@tempa=\box77
\@tempa=\box78
\@tempa=\box79
\@tempa=\box80
\@tempa=\box81
\@tempa=\box82
\@tempa=\box83
\@tempa=\box84
\@tempa=\box85
\@tempa=\box86
\@tempa=\box87
\@tempa=\box88
\@tempa=\box89
\@tempa=\box90
\@tempa=\box91
\@tempa=\box92
\@tempa=\box93
\@tempa=\box94
\@tempa=\box95
\@tempa=\box96
\@tempa=\box97
\@tempa=\box98
\c@minrows=\count291
\c@columnbadness=\count292
\c@finalcolumnbadness=\count293
\last@try=\dimen159
\multicolovershoot=\dimen160
\multicolundershoot=\dimen161
\mult@nat@firstbox=\box99
\colbreak@box=\box100
\mc@col@check@num=\count294
\g__mc_curr_col_int=\count295
) (C:\Users\diego\AppData\Local\Programs\MiKTeX\tex/latex/amsmath\amsmath.sty
Package: amsmath 2026/05/19 v2.18d AMS math features
\@mathmargin=\skip56

For additional information on amsmath, use the `?' option.
(C:\Users\diego\AppData\Local\Programs\MiKTeX\tex/latex/amsmath\amstext.sty
Package: amstext 2024/11/17 v2.01 AMS text
 (C:\Users\diego\AppData\Local\Programs\MiKTeX\tex/latex/amsmath\amsgen.sty
File: amsgen.sty 1999/11/30 v2.0 generic functions
\@emptytoks=\toks20
\ex@=\dimen162
)) (C:\Users\diego\AppData\Local\Programs\MiKTeX\tex/latex/amsmath\amsbsy.sty
Package: amsbsy 1999/11/29 v1.2d Bold Symbols
\pmbraise@=\dimen163
) (C:\Users\diego\AppData\Local\Programs\MiKTeX\tex/latex/amsmath\amsopn.sty
Package: amsopn 2022/04/08 v2.04 operator names
)
\inf@bad=\count296
LaTeX Info: Redefining \frac on input line 233.
\uproot@=\count297
\leftroot@=\count298
LaTeX Info: Redefining \overline on input line 398.
LaTeX Info: Redefining \colon on input line 409.
\classnum@=\count299
\DOTSCASE@=\count300
LaTeX Info: Redefining \ldots on input line 495.
LaTeX Info: Redefining \dots on input line 498.
LaTeX Info: Redefining \cdots on input line 619.
\Mathstrutbox@=\box101
\strutbox@=\box102
LaTeX Info: Redefining \big on input line 721.
LaTeX Info: Redefining \Big on input line 722.
LaTeX Info: Redefining \bigg on input line 723.
LaTeX Info: Redefining \Bigg on input line 724.
\big@size=\dimen164
LaTeX Font Info:    Redeclaring font encoding OML on input line 742.
LaTeX Font Info:    Redeclaring font encoding OMS on input line 743.
\macc@depth=\count301
LaTeX Info: Redefining \bmod on input line 904.
LaTeX Info: Redefining \pmod on input line 909.
LaTeX Info: Redefining \smash on input line 939.
LaTeX Info: Redefining \relbar on input line 969.
LaTeX Info: Redefining \Relbar on input line 970.
\c@MaxMatrixCols=\count302
\dotsspace@=\muskip17
\c@parentequation=\count303
\dspbrk@lvl=\count304
\tag@help=\toks21
\row@=\count305
\column@=\count306
\maxfields@=\count307
\andhelp@=\toks22
\eqnshift@=\dimen165
\alignsep@=\dimen166
\tagshift@=\dimen167
\tagwidth@=\dimen168
\totwidth@=\dimen169
\lineht@=\dimen170
\@envbody=\toks23
\multlinegap=\skip57
\multlinetaggap=\skip58
\mathdisplay@stack=\toks24
LaTeX Info: Redefining \[ on input line 2965.
LaTeX Info: Redefining \] on input line 2966.
) (C:\Users\diego\AppData\Local\Programs\MiKTeX\tex/latex/esint\esint.sty
Package: esint 
\symlargesymbolsA=\mathgroup4
) (C:\Users\diego\AppData\Local\Programs\MiKTeX\tex/latex/bigints\bigints.sty
Package: bigints 2010/02/15 Writing big integrals
Package bigints Info: This is Bigints by Merciadri Luca. on input line 5.
) (C:\Users\diego\AppData\Local\Programs\MiKTeX\tex/latex/amsfonts\amsfonts.sty
Package: amsfonts 2013/01/14 v3.01 Basic AMSFonts support
\symAMSa=\mathgroup5
\symAMSb=\mathgroup6
LaTeX Font Info:    Redeclaring math symbol \hbar on input line 98.
LaTeX Font Info:    Overwriting math alphabet `\mathfrak' in version `bold'
(Font)                  U/euf/m/n --> U/euf/b/n on input line 106.
) (C:\Users\diego\AppData\Local\Programs\MiKTeX\tex/latex/l3packages/xparse\xparse.sty (C:\Users\diego\AppData\Local\Programs\MiKTeX\tex/latex/l3kernel\expl3.sty
Package: expl3 2026-08-10 L3 programming layer (loader) 
 (C:\Users\diego\AppData\Local\Programs\MiKTeX\tex/latex/l3kernel\l3backend-pdftex.def
File: l3backend-pdftex.def 2026-08-10 L3 backend support: PDF output (pdfTeX)
\l__color_backend_stack_int=\count308
))
Package: xparse 2025-10-09 L3 Experimental document command parser
) (C:\Users\diego\AppData\Local\Programs\MiKTeX\tex/latex/amsfonts\amssymb.sty
Package: amssymb 2013/01/14 v3.01 AMS font symbols
) (C:\Users\diego\AppData\Local\Programs\MiKTeX\tex/latex/braket\braket.sty) (C:\Users\diego\AppData\Local\Programs\MiKTeX\tex/latex/mathtools\mathtools.sty
Package: mathtools 2024/10/04 v1.31 mathematical typesetting tools
 (C:\Users\diego\AppData\Local\Programs\MiKTeX\tex/latex/graphics\keyval.sty
Package: keyval 2026-05-17 v1.15 key=value parser (DPC)
\KV@toks@=\toks25
) (C:\Users\diego\AppData\Local\Programs\MiKTeX\tex/latex/tools\calc.sty
Package: calc 2025/03/01 v4.3b Infix arithmetic (KKT,FJ)
\calc@Acount=\count309
\calc@Bcount=\count310
\calc@Adimen=\dimen171
\calc@Bdimen=\dimen172
\calc@Askip=\skip59
\calc@Bskip=\skip60
LaTeX Info: Redefining \setlength on input line 86.
LaTeX Info: Redefining \addtolength on input line 87.
\calc@Ccount=\count311
\calc@Cskip=\skip61
) (C:\Users\diego\AppData\Local\Programs\MiKTeX\tex/latex/mathtools\mhsetup.sty
Package: mhsetup 2021/03/18 v1.4 programming setup (MH)
)
\g_MT_multlinerow_int=\count312
\l_MT_multwidth_dim=\dimen173
\origjot=\skip62
\l_MT_shortvdotswithinadjustabove_dim=\dimen174
\l_MT_shortvdotswithinadjustbelow_dim=\dimen175
\l_MT_above_intertext_sep=\dimen176
\l_MT_below_intertext_sep=\dimen177
\l_MT_above_shortintertext_sep=\dimen178
\l_MT_below_shortintertext_sep=\dimen179
\xmathstrut@box=\box103
\xmathstrut@dim=\dimen180
) (C:\Users\diego\AppData\Local\Programs\MiKTeX\tex/latex/enumitem\enumitem.sty
Package: enumitem 2025/02/06 v3.11 Customized lists
\labelindent=\skip63
\enit@outerparindent=\dimen181
\enit@toks=\toks26
\enit@inbox=\box104
\enit@count@id=\count313
\enitdp@description=\count314
) (C:\Users\diego\AppData\Local\Programs\MiKTeX\tex/latex/xhfill\xhfill.sty (C:\Users\diego\AppData\Local\Programs\MiKTeX\tex/latex/tools\xspace.sty
Package: xspace 2014/10/28 v1.13 Space after command names (DPC,MH)
)
Package: xhfill 2011/05/14\ v 1.01\ modify width and color of hrulefill
) (C:\Users\diego\AppData\Local\Programs\MiKTeX\tex/latex/pgf/frontendlayer\tikz.sty (C:\Users\diego\AppData\Local\Programs\MiKTeX\tex/latex/pgf/basiclayer\pgf.sty (C:\Users\diego\AppData\Local\Programs\MiKTeX\tex/latex/pgf/utilities\pgfrcs.sty (C:\Users\diego\AppData\Local\Programs\MiKTeX\tex/generic/pgf/utilities\pgfutil-common.tex
\pgfutil@everybye=\toks27
\pgfutil@tempdima=\dimen182
\pgfutil@tempdimb=\dimen183
) (C:\Users\diego\AppData\Local\Programs\MiKTeX\tex/generic/pgf/utilities\pgfutil-latex.def
\pgfutil@abb=\box105
) (C:\Users\diego\AppData\Local\Programs\MiKTeX\tex/generic/pgf/utilities\pgfrcs.code.tex (C:\Users\diego\AppData\Local\Programs\MiKTeX\tex/generic/pgf\pgf.revision.tex)
Package: pgfrcs 2026-08-01 v3.1.12 (3.1.12)
))
Package: pgf 2026-08-01 v3.1.12 (3.1.12)
 (C:\Users\diego\AppData\Local\Programs\MiKTeX\tex/latex/pgf/basiclayer\pgfcore.sty (C:\Users\diego\AppData\Local\Programs\MiKTeX\tex/latex/graphics\graphicx.sty
Package: graphicx 2026-05-17 v1.2e Enhanced LaTeX Graphics (DPC,SPQR)
 (C:\Users\diego\AppData\Local\Programs\MiKTeX\tex/latex/graphics\graphics.sty
Package: graphics 2026-05-17 v1.4h Standard LaTeX Graphics (DPC,SPQR)
 (C:\Users\diego\AppData\Local\Programs\MiKTeX\tex/latex/graphics\trig.sty
Package: trig 2023/12/02 v1.11 sin cos tan (DPC)
) (C:\Users\diego\AppData\Local\Programs\MiKTeX\tex/latex/graphics-cfg\graphics.cfg
File: graphics.cfg 2016/06/04 v1.11 sample graphics configuration
)
Package graphics Info: Driver file: pdftex.def on input line 106.
)
\Gin@req@height=\dimen184
\Gin@req@width=\dimen185
) (C:\Users\diego\AppData\Local\Programs\MiKTeX\tex/latex/pgf/systemlayer\pgfsys.sty (C:\Users\diego\AppData\Local\Programs\MiKTeX\tex/generic/pgf/systemlayer\pgfsys.code.tex
Package: pgfsys 2026-08-01 v3.1.12 (3.1.12)
 (C:\Users\diego\AppData\Local\Programs\MiKTeX\tex/generic/pgf/utilities\pgfkeys.code.tex
\pgfkeys@pathtoks=\toks28
\pgfkeys@temptoks=\toks29
 (C:\Users\diego\AppData\Local\Programs\MiKTeX\tex/generic/pgf/utilities\pgfkeyslibraryfiltered.code.tex
\pgfkeys@tmptoks=\toks30
))
\pgf@x=\dimen186
\pgf@y=\dimen187
\pgf@xa=\dimen188
\pgf@ya=\dimen189
\pgf@xb=\dimen190
\pgf@yb=\dimen191
\pgf@xc=\dimen192
\pgf@yc=\dimen193
\pgf@xd=\dimen194
\pgf@yd=\dimen195
\w@pgf@writea=\write3
\r@pgf@reada=\read2
\c@pgf@counta=\count315
\c@pgf@countb=\count316
\c@pgf@countc=\count317
\c@pgf@countd=\count318
\t@pgf@toka=\toks31
\t@pgf@tokb=\toks32
\t@pgf@tokc=\toks33
\pgf@sys@id@count=\count319
 (C:\Users\diego\AppData\Local\Programs\MiKTeX\tex/generic/pgf/systemlayer\pgf.cfg
File: pgf.cfg 2026-08-01 v3.1.12 (3.1.12)
)
Driver file for pgf: pgfsys-pdftex.def
 (C:\Users\diego\AppData\Local\Programs\MiKTeX\tex/generic/pgf/systemlayer\pgfsys-pdftex.def
File: pgfsys-pdftex.def 2026-08-01 v3.1.12 (3.1.12)
 (C:\Users\diego\AppData\Local\Programs\MiKTeX\tex/generic/pgf/systemlayer\pgfsys-common-pdf.def
File: pgfsys-common-pdf.def 2026-08-01 v3.1.12 (3.1.12)
))) (C:\Users\diego\AppData\Local\Programs\MiKTeX\tex/generic/pgf/systemlayer\pgfsyssoftpath.code.tex
File: pgfsyssoftpath.code.tex 2026-08-01 v3.1.12 (3.1.12)
\pgfsyssoftpath@smallbuffer@items=\count320
\pgfsyssoftpath@bigbuffer@items=\count321
) (C:\Users\diego\AppData\Local\Programs\MiKTeX\tex/generic/pgf/systemlayer\pgfsysprotocol.code.tex
File: pgfsysprotocol.code.tex 2026-08-01 v3.1.12 (3.1.12)
)) (C:\Users\diego\AppData\Local\Programs\MiKTeX\tex/generic/pgf/basiclayer\pgfcore.code.tex
Package: pgfcore 2026-08-01 v3.1.12 (3.1.12)
 (C:\Users\diego\AppData\Local\Programs\MiKTeX\tex/generic/pgf/math\pgfmath.code.tex (C:\Users\diego\AppData\Local\Programs\MiKTeX\tex/generic/pgf/math\pgfmathutil.code.tex) (C:\Users\diego\AppData\Local\Programs\MiKTeX\tex/generic/pgf/math\pgfmathparser.code.tex
\pgfmath@dimen=\dimen196
\pgfmath@count=\count322
\pgfmath@box=\box106
\pgfmath@toks=\toks34
\pgfmath@stack@operand=\toks35
\pgfmath@stack@operation=\toks36
) (C:\Users\diego\AppData\Local\Programs\MiKTeX\tex/generic/pgf/math\pgfmathfunctions.code.tex) (C:\Users\diego\AppData\Local\Programs\MiKTeX\tex/generic/pgf/math\pgfmathfunctions.basic.code.tex) (C:\Users\diego\AppData\Local\Programs\MiKTeX\tex/generic/pgf/math\pgfmathfunctions.trigonometric.code.tex) (C:\Users\diego\AppData\Local\Programs\MiKTeX\tex/generic/pgf/math\pgfmathfunctions.random.code.tex) (C:\Users\diego\AppData\Local\Programs\MiKTeX\tex/generic/pgf/math\pgfmathfunctions.comparison.code.tex) (C:\Users\diego\AppData\Local\Programs\MiKTeX\tex/generic/pgf/math\pgfmathfunctions.base.code.tex) (C:\Users\diego\AppData\Local\Programs\MiKTeX\tex/generic/pgf/math\pgfmathfunctions.round.code.tex) (C:\Users\diego\AppData\Local\Programs\MiKTeX\tex/generic/pgf/math\pgfmathfunctions.misc.code.tex) (C:\Users\diego\AppData\Local\Programs\MiKTeX\tex/generic/pgf/math\pgfmathfunctions.integerarithmetics.code.tex) (C:\Users\diego\AppData\Local\Programs\MiKTeX\tex/generic/pgf/math\pgfmathcalc.code.tex) (C:\Users\diego\AppData\Local\Programs\MiKTeX\tex/generic/pgf/math\pgfmathfloat.code.tex
\c@pgfmathroundto@lastzeros=\count323
)) (C:\Users\diego\AppData\Local\Programs\MiKTeX\tex/generic/pgf/math\pgfint.code.tex) (C:\Users\diego\AppData\Local\Programs\MiKTeX\tex/generic/pgf/basiclayer\pgfcorepoints.code.tex
File: pgfcorepoints.code.tex 2026-08-01 v3.1.12 (3.1.12)
\pgf@picminx=\dimen197
\pgf@picmaxx=\dimen198
\pgf@picminy=\dimen199
\pgf@picmaxy=\dimen256
\pgf@pathminx=\dimen257
\pgf@pathmaxx=\dimen258
\pgf@pathminy=\dimen259
\pgf@pathmaxy=\dimen260
\pgf@xx=\dimen261
\pgf@xy=\dimen262
\pgf@yx=\dimen263
\pgf@yy=\dimen264
\pgf@zx=\dimen265
\pgf@zy=\dimen266
) (C:\Users\diego\AppData\Local\Programs\MiKTeX\tex/generic/pgf/basiclayer\pgfcorepathconstruct.code.tex
File: pgfcorepathconstruct.code.tex 2026-08-01 v3.1.12 (3.1.12)
\pgf@path@lastx=\dimen267
\pgf@path@lasty=\dimen268
) (C:\Users\diego\AppData\Local\Programs\MiKTeX\tex/generic/pgf/basiclayer\pgfcorepathusage.code.tex
File: pgfcorepathusage.code.tex 2026-08-01 v3.1.12 (3.1.12)
\pgf@shorten@end@additional=\dimen269
\pgf@shorten@start@additional=\dimen270
) (C:\Users\diego\AppData\Local\Programs\MiKTeX\tex/generic/pgf/basiclayer\pgfcorescopes.code.tex
File: pgfcorescopes.code.tex 2026-08-01 v3.1.12 (3.1.12)
\pgfpic=\box107
\pgf@hbox=\box108
\pgf@layerbox@main=\box109
\pgf@picture@serial@count=\count324
) (C:\Users\diego\AppData\Local\Programs\MiKTeX\tex/generic/pgf/basiclayer\pgfcoregraphicstate.code.tex
File: pgfcoregraphicstate.code.tex 2026-08-01 v3.1.12 (3.1.12)
\pgflinewidth=\dimen271
) (C:\Users\diego\AppData\Local\Programs\MiKTeX\tex/generic/pgf/basiclayer\pgfcoretransformations.code.tex
File: pgfcoretransformations.code.tex 2026-08-01 v3.1.12 (3.1.12)
\pgf@pt@x=\dimen272
\pgf@pt@y=\dimen273
\pgf@pt@temp=\dimen274
) (C:\Users\diego\AppData\Local\Programs\MiKTeX\tex/generic/pgf/basiclayer\pgfcorequick.code.tex
File: pgfcorequick.code.tex 2026-08-01 v3.1.12 (3.1.12)
) (C:\Users\diego\AppData\Local\Programs\MiKTeX\tex/generic/pgf/basiclayer\pgfcoreobjects.code.tex
File: pgfcoreobjects.code.tex 2026-08-01 v3.1.12 (3.1.12)
) (C:\Users\diego\AppData\Local\Programs\MiKTeX\tex/generic/pgf/basiclayer\pgfcorepathprocessing.code.tex
File: pgfcorepathprocessing.code.tex 2026-08-01 v3.1.12 (3.1.12)
) (C:\Users\diego\AppData\Local\Programs\MiKTeX\tex/generic/pgf/basiclayer\pgfcorearrows.code.tex
File: pgfcorearrows.code.tex 2026-08-01 v3.1.12 (3.1.12)
\pgfarrowsep=\dimen275
) (C:\Users\diego\AppData\Local\Programs\MiKTeX\tex/generic/pgf/basiclayer\pgfcoreshade.code.tex
File: pgfcoreshade.code.tex 2026-08-01 v3.1.12 (3.1.12)
\pgf@max=\dimen276
\pgf@sys@shading@range@num=\count325
\pgf@shadingcount=\count326
) (C:\Users\diego\AppData\Local\Programs\MiKTeX\tex/generic/pgf/basiclayer\pgfcoreimage.code.tex
File: pgfcoreimage.code.tex 2026-08-01 v3.1.12 (3.1.12)
) (C:\Users\diego\AppData\Local\Programs\MiKTeX\tex/generic/pgf/basiclayer\pgfcoreexternal.code.tex
File: pgfcoreexternal.code.tex 2026-08-01 v3.1.12 (3.1.12)
\pgfexternal@startupbox=\box110
) (C:\Users\diego\AppData\Local\Programs\MiKTeX\tex/generic/pgf/basiclayer\pgfcorelayers.code.tex
File: pgfcorelayers.code.tex 2026-08-01 v3.1.12 (3.1.12)
) (C:\Users\diego\AppData\Local\Programs\MiKTeX\tex/generic/pgf/basiclayer\pgfcoretransparency.code.tex
File: pgfcoretransparency.code.tex 2026-08-01 v3.1.12 (3.1.12)
) (C:\Users\diego\AppData\Local\Programs\MiKTeX\tex/generic/pgf/basiclayer\pgfcorepatterns.code.tex
File: pgfcorepatterns.code.tex 2026-08-01 v3.1.12 (3.1.12)
) (C:\Users\diego\AppData\Local\Programs\MiKTeX\tex/generic/pgf/basiclayer\pgfcorerdf.code.tex
File: pgfcorerdf.code.tex 2026-08-01 v3.1.12 (3.1.12)
))) (C:\Users\diego\AppData\Local\Programs\MiKTeX\tex/generic/pgf/modules\pgfmoduleshapes.code.tex
File: pgfmoduleshapes.code.tex 2026-08-01 v3.1.12 (3.1.12)
\pgfnodeparttextbox=\box111
) (C:\Users\diego\AppData\Local\Programs\MiKTeX\tex/generic/pgf/modules\pgfmoduleplot.code.tex
File: pgfmoduleplot.code.tex 2026-08-01 v3.1.12 (3.1.12)
) (C:\Users\diego\AppData\Local\Programs\MiKTeX\tex/latex/pgf/compatibility\pgfcomp-version-0-65.sty
Package: pgfcomp-version-0-65 2026-08-01 v3.1.12 (3.1.12)
\pgf@nodesepstart=\dimen277
\pgf@nodesepend=\dimen278
) (C:\Users\diego\AppData\Local\Programs\MiKTeX\tex/latex/pgf/compatibility\pgfcomp-version-1-18.sty
Package: pgfcomp-version-1-18 2026-08-01 v3.1.12 (3.1.12)
)) (C:\Users\diego\AppData\Local\Programs\MiKTeX\tex/latex/pgf/utilities\pgffor.sty (C:\Users\diego\AppData\Local\Programs\MiKTeX\tex/latex/pgf/utilities\pgfkeys.sty (C:\Users\diego\AppData\Local\Programs\MiKTeX\tex/generic/pgf/utilities\pgfkeys.code.tex)) (C:\Users\diego\AppData\Local\Programs\MiKTeX\tex/latex/pgf/math\pgfmath.sty (C:\Users\diego\AppData\Local\Programs\MiKTeX\tex/generic/pgf/math\pgfmath.code.tex)) (C:\Users\diego\AppData\Local\Programs\MiKTeX\tex/generic/pgf/utilities\pgffor.code.tex
Package: pgffor 2026-08-01 v3.1.12 (3.1.12)
\pgffor@iter=\dimen279
\pgffor@skip=\dimen280
\pgffor@stack=\toks37
\pgffor@toks=\toks38
)) (C:\Users\diego\AppData\Local\Programs\MiKTeX\tex/generic/pgf/frontendlayer/tikz\tikz.code.tex
Package: tikz 2026-08-01 v3.1.12 (3.1.12)
 (C:\Users\diego\AppData\Local\Programs\MiKTeX\tex/generic/pgf/libraries\pgflibraryplothandlers.code.tex
File: pgflibraryplothandlers.code.tex 2026-08-01 v3.1.12 (3.1.12)
\pgf@plot@mark@count=\count327
\pgfplotmarksize=\dimen281
)
\tikz@lastx=\dimen282
\tikz@lasty=\dimen283
\tikz@lastxsaved=\dimen284
\tikz@lastysaved=\dimen285
\tikz@lastmovetox=\dimen286
\tikz@lastmovetoy=\dimen287
\tikzleveldistance=\dimen288
\tikzsiblingdistance=\dimen289
\tikz@figbox=\box112
\tikz@figbox@bg=\box113
\tikz@tempbox=\box114
\tikz@tempbox@bg=\box115
\tikztreelevel=\count328
\tikznumberofchildren=\count329
\tikznumberofcurrentchild=\count330
\tikz@fig@count=\count331
 (C:\Users\diego\AppData\Local\Programs\MiKTeX\tex/generic/pgf/modules\pgfmodulematrix.code.tex
File: pgfmodulematrix.code.tex 2026-08-01 v3.1.12 (3.1.12)
\pgfmatrixcurrentrow=\count332
\pgfmatrixcurrentcolumn=\count333
\pgf@matrix@numberofcolumns=\count334
)
\tikz@expandcount=\count335
 (C:\Users\diego\AppData\Local\Programs\MiKTeX\tex/generic/pgf/frontendlayer/tikz/libraries\tikzlibrarytopaths.code.tex
File: tikzlibrarytopaths.code.tex 2026-08-01 v3.1.12 (3.1.12)
))) (C:\Users\diego\AppData\Local\Programs\MiKTeX\tex/latex/tikz-cd\tikz-cd.sty
Package: tikz-cd 2021/05/04 v1.0 Commutative diagrams with TikZ
 (C:\Users\diego\AppData\Local\Programs\MiKTeX\tex/latex/tikz-cd\tikzlibrarycd.code.tex (C:\Users\diego\AppData\Local\Programs\MiKTeX\tex/generic/pgf/frontendlayer/tikz/libraries\tikzlibrarymatrix.code.tex
File: tikzlibrarymatrix.code.tex 2026-08-01 v3.1.12 (3.1.12)
) (C:\Users\diego\AppData\Local\Programs\MiKTeX\tex/generic/pgf/frontendlayer/tikz/libraries\tikzlibraryquotes.code.tex
File: tikzlibraryquotes.code.tex 2026-08-01 v3.1.12 (3.1.12)
) (C:\Users\diego\AppData\Local\Programs\MiKTeX\tex/generic/pgf/libraries\pgflibraryarrows.meta.code.tex
File: pgflibraryarrows.meta.code.tex 2026-08-01 v3.1.12 (3.1.12)
\pgfarrowinset=\dimen290
\pgfarrowlength=\dimen291
\pgfarrowwidth=\dimen292
\pgfarrowlinewidth=\dimen293
))) (C:\Users\diego\AppData\Local\Programs\MiKTeX\tex/latex/tcolorbox\tcolorbox.sty
Package: tcolorbox 2026/05/28 version 6.10.0 text color boxes
 (C:\Users\diego\AppData\Local\Programs\MiKTeX\tex/latex/tools\verbatim.sty
Package: verbatim 2024-01-22 v1.5x LaTeX2e package for verbatim enhancements
\every@verbatim=\toks39
\verbatim@line=\toks40
\verbatim@in@stream=\read3
) (C:\Users\diego\AppData\Local\Programs\MiKTeX\tex/latex/environ\environ.sty
Package: environ 2014/05/04 v0.3 A new way to define environments
 (C:\Users\diego\AppData\Local\Programs\MiKTeX\tex/latex/trimspaces\trimspaces.sty
Package: trimspaces 2009/09/17 v1.1 Trim spaces around a token list
)) (C:\Users\diego\AppData\Local\Programs\MiKTeX\tex/latex/etoolbox\etoolbox.sty
Package: etoolbox 2025/10/02 v2.5m e-TeX tools for LaTeX (JAW)
\etb@tempcnta=\count336
)
\tcb@titlebox=\box116
\tcb@upperbox=\box117
\tcb@lowerbox=\box118
\tcb@phantombox=\box119
\c@tcbbreakpart=\count337
\c@tcblayer=\count338
\c@tcolorbox@number=\count339
\l__tcobox_tmpa_box=\box120
\l__tcobox_tmpa_dim=\dimen294
\tcb@temp=\box121
\tcb@temp=\box122
\tcb@temp=\box123
\tcb@temp=\box124
 (C:\Users\diego\AppData\Local\Programs\MiKTeX\tex/latex/tcolorbox\tcbraster.code.tex
Library (tcolorbox): 'tcbraster.code.tex' version '6.10.0'
\c@tcbrastercolumn=\count340
\c@tcbrasterrow=\count341
\c@tcbrasternum=\count342
\c@tcbraster=\count343
) (C:\Users\diego\AppData\Local\Programs\MiKTeX\tex/latex/tcolorbox\tcbskins.code.tex
Library (tcolorbox): 'tcbskins.code.tex' version '6.10.0'
(C:\Users\diego\AppData\Local\Programs\MiKTeX\tex/latex/tikzfill\tikzfill.image.sty
Package: tikzfill.image 2026/04/23 v1.2.0 Image filling library for TikZ
 (C:\Users\diego\AppData\Local\Programs\MiKTeX\tex/latex/tikzfill\tikzlibraryfill.image.code.tex
File: tikzlibraryfill.image.code.tex 2026/04/23 v1.2.0 Image filling library
\l__tikzfill_tmpa_dim=\dimen295
\l__tikzfill_tmpb_dim=\dimen296
\l__tikzfill_img_box=\box125
)) (C:\Users\diego\AppData\Local\Programs\MiKTeX\tex/latex/tcolorbox\tcbskinsjigsaw.code.tex
Library (tcolorbox): 'tcbskinsjigsaw.code.tex' version '6.10.0'
)) (C:\Users\diego\AppData\Local\Programs\MiKTeX\tex/latex/tcolorbox\tcbbreakable.code.tex
Library (tcolorbox): 'tcbbreakable.code.tex' version '6.10.0'
(C:\Users\diego\AppData\Local\Programs\MiKTeX\tex/latex/pdfcol\pdfcol.sty
Package: pdfcol 2022-09-21 v1.7 Handle new color stacks for pdfTeX (HO)
 (C:\Users\diego\AppData\Local\Programs\MiKTeX\tex/generic/ltxcmds\ltxcmds.sty
Package: ltxcmds 2023-12-04 v1.26 LaTeX kernel commands for general use (HO)
) (C:\Users\diego\AppData\Local\Programs\MiKTeX\tex/generic/infwarerr\infwarerr.sty
Package: infwarerr 2019/12/03 v1.5 Providing info/warning/error messages (HO)
) (C:\Users\diego\AppData\Local\Programs\MiKTeX\tex/generic/iftex\iftex.sty
Package: iftex 2024/12/12 v1.0g TeX engine tests
))
Package pdfcol Info: New color stack `tcb@breakable' = 1 on input line 23.
\tcb@testbox=\box126
\tcb@totalupperbox=\box127
\tcb@totallowerbox=\box128
) (C:\Users\diego\AppData\Local\Programs\MiKTeX\tex/latex/tcolorbox\tcbhooks.code.tex
Library (tcolorbox): 'tcbhooks.code.tex' version '6.10.0'
) (C:\Users\diego\AppData\Local\Programs\MiKTeX\tex/latex/tcolorbox\tcbtheorems.code.tex
Library (tcolorbox): 'tcbtheorems.code.tex' version '6.10.0'
) (C:\Users\diego\AppData\Local\Programs\MiKTeX\tex/latex/tcolorbox\tcbfitting.code.tex
Library (tcolorbox): 'tcbfitting.code.tex' version '6.10.0'
\tcbfitdim=\dimen297
\tcb@lowerfitdim=\dimen298
\tcb@upperfitdim=\dimen299
\tcb@cur@hbadness=\count344
) (C:\Users\diego\AppData\Local\Programs\MiKTeX\tex/latex/tcolorbox\tcblistingsutf8.code.tex
Library (tcolorbox): 'tcblistingsutf8.code.tex' version '6.10.0'
(C:\Users\diego\AppData\Local\Programs\MiKTeX\tex/latex/tcolorbox\tcblistings.code.tex
Library (tcolorbox): 'tcblistings.code.tex' version '6.10.0'
(C:\Users\diego\AppData\Local\Programs\MiKTeX\tex/latex/listings\listings.sty
\lst@mode=\count345
\lst@gtempboxa=\box129
\lst@token=\toks41
\lst@length=\count346
\lst@currlwidth=\dimen300
\lst@column=\count347
\lst@pos=\count348
\lst@lostspace=\dimen301
\lst@width=\dimen302
\lst@newlines=\count349
\lst@lineno=\count350
\lst@maxwidth=\dimen303
 (C:\Users\diego\AppData\Local\Programs\MiKTeX\tex/latex/listings\lstpatch.sty
File: lstpatch.sty 2025/11/14 1.11b (Carsten Heinz)
) (C:\Users\diego\AppData\Local\Programs\MiKTeX\tex/latex/listings\lstmisc.sty
File: lstmisc.sty 2025/11/14 1.11b (Carsten Heinz)
\c@lstnumber=\count351
\lst@skipnumbers=\count352
\lst@framebox=\box130
) (C:\Users\diego\AppData\Local\Programs\MiKTeX\tex/latex/listings\listings.cfg
File: listings.cfg 2025/11/14 1.11b listings configuration
))
Package: listings 2025/11/14 1.11b (Carsten Heinz)
 (C:\Users\diego\AppData\Local\Programs\MiKTeX\tex/latex/tcolorbox\tcblistingscore.code.tex
Library (tcolorbox): 'tcblistingscore.code.tex' version '6.10.0'
(C:\Users\diego\AppData\Local\Programs\MiKTeX\tex/latex/tcolorbox\tcbprocessing.code.tex
Library (tcolorbox): 'tcbprocessing.code.tex' version '6.10.0'
)
\c@tcblisting=\count353
)) (C:\Users\diego\AppData\Local\Programs\MiKTeX\tex/latex/listingsutf8\listingsutf8.sty
Package: listingsutf8 2019-12-10 v1.5 Allow UTF-8 in listings input (HO)
 (C:\Users\diego\AppData\Local\Programs\MiKTeX\tex/generic/pdftexcmds\pdftexcmds.sty
Package: pdftexcmds 2020-06-27 v0.33 Utility functions of pdfTeX for LuaTeX (HO)
Package pdftexcmds Info: \pdf@primitive is available.
Package pdftexcmds Info: \pdf@ifprimitive is available.
Package pdftexcmds Info: \pdfdraftmode found.
) (C:\Users\diego\AppData\Local\Programs\MiKTeX\tex/generic/stringenc\stringenc.sty
Package: stringenc 2019/11/29 v1.12 Convert strings between diff. encodings (HO)
 (C:\Users\diego\AppData\Local\Programs\MiKTeX\tex/generic/pdfescape\pdfescape.sty
Package: pdfescape 2019/12/09 v1.15 Implements pdfTeX's escape features (HO)
)))) (C:\Users\diego\AppData\Local\Programs\MiKTeX\tex/latex/tcolorbox\tcbexternal.code.tex
Library (tcolorbox): 'tcbexternal.code.tex' version '6.10.0'
) (C:\Users\diego\AppData\Local\Programs\MiKTeX\tex/latex/tcolorbox\tcbmagazine.code.tex
Library (tcolorbox): 'tcbmagazine.code.tex' version '6.10.0'
) (C:\Users\diego\AppData\Local\Programs\MiKTeX\tex/latex/tcolorbox\tcbvignette.code.tex
Library (tcolorbox): 'tcbvignette.code.tex' version '6.10.0'
(C:\Users\diego\AppData\Local\Programs\MiKTeX\tex/generic/pgf/frontendlayer/tikz/libraries\tikzlibraryfadings.code.tex
File: tikzlibraryfadings.code.tex 2026-08-01 v3.1.12 (3.1.12)
 (C:\Users\diego\AppData\Local\Programs\MiKTeX\tex/generic/pgf/libraries\pgflibraryfadings.code.tex
File: pgflibraryfadings.code.tex 2026-08-01 v3.1.12 (3.1.12)
))) (C:\Users\diego\AppData\Local\Programs\MiKTeX\tex/latex/tcolorbox\tcbposter.code.tex
Library (tcolorbox): 'tcbposter.code.tex' version '6.10.0'
)) (C:\Users\diego\AppData\Local\Programs\MiKTeX\tex/latex/lipsum\lipsum.sty (C:\Users\diego\AppData\Local\Programs\MiKTeX\tex/latex/l3packages/l3keys2e\l3keys2e.sty
Package: l3keys2e 2025-10-09 LaTeX2e option processing using LaTeX3 keys
)
Package: lipsum 2021-09-20 v2.7 150 paragraphs of Lorem Ipsum dummy text
\g__lipsum_par_int=\count354
\l__lipsum_a_int=\count355
\l__lipsum_b_int=\count356
 (C:\Users\diego\AppData\Local\Programs\MiKTeX\tex/latex/lipsum\lipsum.ltd.tex)) (C:\Users\diego\AppData\Local\Programs\MiKTeX\tex/latex/pgfplots\pgfplots.sty (C:\Users\diego\AppData\Local\Programs\MiKTeX\tex/generic/pgfplots\pgfplots.revision.tex)
Package: pgfplots 2026/08/26 v1.18.3 Data Visualization (1.18.3)
 (C:\Users\diego\AppData\Local\Programs\MiKTeX\tex/generic/pgfplots\pgfplots.code.tex (C:\Users\diego\AppData\Local\Programs\MiKTeX\tex/generic/pgfplots\pgfplotscore.code.tex
\t@pgfplots@toka=\toks42
\t@pgfplots@tokb=\toks43
\t@pgfplots@tokc=\toks44
\pgfplots@tmpa=\dimen304
\c@pgfplots@coordindex=\count357
\c@pgfplots@scanlineindex=\count358
 (C:\Users\diego\AppData\Local\Programs\MiKTeX\tex/generic/pgfplots/sys\pgfplotssysgeneric.code.tex)) (C:\Users\diego\AppData\Local\Programs\MiKTeX\tex/generic/pgfplots/libs\pgfplotslibrary.code.tex) (C:\Users\diego\AppData\Local\Programs\MiKTeX\tex/generic/pgfplots/oldpgfcompatib\pgfplotsoldpgfsupp_loader.code.tex (C:\Users\diego\AppData\Local\Programs\MiKTeX\tex/generic/pgf/libraries\pgflibraryfpu.code.tex) (C:\Users\diego\AppData\Local\Programs\MiKTeX\tex/generic/pgfplots/oldpgfcompatib\pgfplotsoldpgfsupp_pgfutil-common-lists.tex)) (C:\Users\diego\AppData\Local\Programs\MiKTeX\tex/generic/pgfplots/util\pgfplotsutil.code.tex (C:\Users\diego\AppData\Local\Programs\MiKTeX\tex/generic/pgfplots/liststructure\pgfplotsliststructure.code.tex) (C:\Users\diego\AppData\Local\Programs\MiKTeX\tex/generic/pgfplots/liststructure\pgfplotsliststructureext.code.tex) (C:\Users\diego\AppData\Local\Programs\MiKTeX\tex/generic/pgfplots/liststructure\pgfplotsarray.code.tex
\c@pgfplotsarray@tmp=\count359
) (C:\Users\diego\AppData\Local\Programs\MiKTeX\tex/generic/pgfplots/liststructure\pgfplotsmatrix.code.tex) (C:\Users\diego\AppData\Local\Programs\MiKTeX\tex/generic/pgfplots/numtable\pgfplotstableshared.code.tex
\c@pgfplotstable@counta=\count360
\t@pgfplotstable@a=\toks45
) (C:\Users\diego\AppData\Local\Programs\MiKTeX\tex/generic/pgfplots/liststructure\pgfplotsdeque.code.tex) (C:\Users\diego\AppData\Local\Programs\MiKTeX\tex/generic/pgfplots/util\pgfplotsbinary.code.tex (C:\Users\diego\AppData\Local\Programs\MiKTeX\tex/generic/pgfplots/util\pgfplotsbinary.data.code.tex)) (C:\Users\diego\AppData\Local\Programs\MiKTeX\tex/generic/pgfplots/util\pgfplotsutil.verb.code.tex) (C:\Users\diego\AppData\Local\Programs\MiKTeX\tex/generic/pgfplots/libs\pgflibrarypgfplots.surfshading.code.tex
\c@pgfplotslibrarysurf@no=\count361
 (C:\Users\diego\AppData\Local\Programs\MiKTeX\tex/generic/pgfplots/sys\pgflibrarypgfplots.surfshading.pgfsys-pdftex.def))) (C:\Users\diego\AppData\Local\Programs\MiKTeX\tex/generic/pgfplots/util\pgfplotscolormap.code.tex (C:\Users\diego\AppData\Local\Programs\MiKTeX\tex/generic/pgfplots/util\pgfplotscolor.code.tex)) (C:\Users\diego\AppData\Local\Programs\MiKTeX\tex/generic/pgfplots\pgfplotsstackedplots.code.tex) (C:\Users\diego\AppData\Local\Programs\MiKTeX\tex/generic/pgfplots\pgfplotsplothandlers.code.tex (C:\Users\diego\AppData\Local\Programs\MiKTeX\tex/generic/pgfplots\pgfplotsmeshplothandler.code.tex (C:\Users\diego\AppData\Local\Programs\MiKTeX\tex/generic/pgfplots\pgfplotsmeshplotimage.code.tex))) (C:\Users\diego\AppData\Local\Programs\MiKTeX\tex/generic/pgfplots\pgfplots.scaling.code.tex) (C:\Users\diego\AppData\Local\Programs\MiKTeX\tex/generic/pgfplots\pgfplotscoordprocessing.code.tex) (C:\Users\diego\AppData\Local\Programs\MiKTeX\tex/generic/pgfplots\pgfplots.errorbars.code.tex) (C:\Users\diego\AppData\Local\Programs\MiKTeX\tex/generic/pgfplots\pgfplots.markers.code.tex) (C:\Users\diego\AppData\Local\Programs\MiKTeX\tex/generic/pgfplots\pgfplotsticks.code.tex) (C:\Users\diego\AppData\Local\Programs\MiKTeX\tex/generic/pgfplots\pgfplots.paths.code.tex) (C:\Users\diego\AppData\Local\Programs\MiKTeX\tex/generic/pgf/frontendlayer/tikz/libraries\tikzlibrarydecorations.code.tex (C:\Users\diego\AppData\Local\Programs\MiKTeX\tex/generic/pgf/modules\pgfmoduledecorations.code.tex
\pgfdecoratedcompleteddistance=\dimen305
\pgfdecoratedremainingdistance=\dimen306
\pgfdecoratedinputsegmentcompleteddistance=\dimen307
\pgfdecoratedinputsegmentremainingdistance=\dimen308
\pgf@decorate@distancetomove=\dimen309
\pgf@decorate@repeatstate=\count362
\pgfdecorationsegmentamplitude=\dimen310
\pgfdecorationsegmentlength=\dimen311
)
\tikz@lib@dec@box=\box131
) (C:\Users\diego\AppData\Local\Programs\MiKTeX\tex/generic/pgf/frontendlayer/tikz/libraries\tikzlibrarydecorations.pathmorphing.code.tex (C:\Users\diego\AppData\Local\Programs\MiKTeX\tex/generic/pgf/libraries/decorations\pgflibrarydecorations.pathmorphing.code.tex)) (C:\Users\diego\AppData\Local\Programs\MiKTeX\tex/generic/pgf/frontendlayer/tikz/libraries\tikzlibrarydecorations.pathreplacing.code.tex (C:\Users\diego\AppData\Local\Programs\MiKTeX\tex/generic/pgf/libraries/decorations\pgflibrarydecorations.pathreplacing.code.tex)) (C:\Users\diego\AppData\Local\Programs\MiKTeX\tex/generic/pgfplots/libs\tikzlibrarypgfplots.contourlua.code.tex)
\pgfplots@numplots=\count363
\pgfplots@xmin@reg=\dimen312
\pgfplots@xmax@reg=\dimen313
\pgfplots@ymin@reg=\dimen314
\pgfplots@ymax@reg=\dimen315
\pgfplots@zmin@reg=\dimen316
\pgfplots@zmax@reg=\dimen317
) (C:\Users\diego\AppData\Local\Programs\MiKTeX\tex/generic/pgf/frontendlayer/tikz/libraries\tikzlibraryplotmarks.code.tex
File: tikzlibraryplotmarks.code.tex 2026-08-01 v3.1.12 (3.1.12)
 (C:\Users\diego\AppData\Local\Programs\MiKTeX\tex/generic/pgf/libraries\pgflibraryplotmarks.code.tex
File: pgflibraryplotmarks.code.tex 2026-08-01 v3.1.12 (3.1.12)
))) (C:\Users\diego\AppData\Local\Programs\MiKTeX\tex/generic/pgf/frontendlayer/tikz/libraries\tikzlibrary3d.code.tex
File: tikzlibrary3d.code.tex 2026-08-01 v3.1.12 (3.1.12)
) (C:\Users\diego\AppData\Local\Programs\MiKTeX\tex/generic/pgf/frontendlayer/tikz/libraries\tikzlibraryarrows.code.tex
File: tikzlibraryarrows.code.tex 2026-08-01 v3.1.12 (3.1.12)
 (C:\Users\diego\AppData\Local\Programs\MiKTeX\tex/generic/pgf/libraries\pgflibraryarrows.code.tex
File: pgflibraryarrows.code.tex 2026-08-01 v3.1.12 (3.1.12)
\arrowsize=\dimen318
)) (C:\Users\diego\AppData\Local\Programs\MiKTeX\tex/latex/tools\bm.sty
Package: bm 2025/10/21 v1.2g Bold Symbol Support (DPC/FMi)
\symboldoperators=\mathgroup7
\symboldletters=\mathgroup8
\symboldsymbols=\mathgroup9
Package bm Info: No bold for \OMX/cmex/m/n, using \pmb.
Package bm Info: No bold for \U/esint/m/n, using \pmb.
Package bm Info: No bold for \U/msa/m/n, using \pmb.
Package bm Info: No bold for \U/msb/m/n, using \pmb.
LaTeX Font Info:    Redeclaring math alphabet \mathbf on input line 149.
) (C:\Users\diego\AppData\Local\Programs\MiKTeX\tex/latex/jknappen\mathrsfs.sty
Package: mathrsfs 1996/01/01 Math RSFS package v1.0 (jk)
\symrsfs=\mathgroup10
) (C:\Users\diego\AppData\Local\Programs\MiKTeX\tex/latex/comment\comment.sty
\CommentStream=\write4
 Excluding comment 'comment') (C:\Users\diego\AppData\Local\Programs\MiKTeX\tex/latex/url\url.sty
\Urlmuskip=\muskip18
Package: url 2013/09/16  ver 3.4  Verb mode for urls, etc.
) (C:\Users\diego\AppData\Local\Programs\MiKTeX\tex/generic/pgf/frontendlayer/tikz/libraries\tikzlibrarypatterns.code.tex
File: tikzlibrarypatterns.code.tex 2026-08-01 v3.1.12 (3.1.12)
 (C:\Users\diego\AppData\Local\Programs\MiKTeX\tex/generic/pgf/libraries\pgflibrarypatterns.code.tex
File: pgflibrarypatterns.code.tex 2026-08-01 v3.1.12 (3.1.12)
)) (C:\Users\diego\AppData\Local\Programs\MiKTeX\tex/latex/tikz-3dplot\tikz-3dplot.sty (C:\Users\diego\AppData\Local\Programs\MiKTeX\tex/latex/base\ifthen.sty
Package: ifthen 2024/03/16 v1.1e Standard LaTeX ifthen package (DPC)
) (C:\Users\diego\AppData\Local\Programs\MiKTeX\tex/generic/pgf/frontendlayer/tikz/libraries\tikzlibrarycalc.code.tex
File: tikzlibrarycalc.code.tex 2026-08-01 v3.1.12 (3.1.12)
)) (C:\Users\diego\AppData\Local\Programs\MiKTeX\tex/generic/pgf/frontendlayer/tikz/libraries\tikzlibrarymath.code.tex (C:\Users\diego\AppData\Local\Programs\MiKTeX\tex/generic/pgf/frontendlayer/tikz/libraries\tikzlibraryfpu.code.tex)
\tikz@math@for@depth=\count364
\tikz@math@dimen=\dimen319
\tikz@math@toks=\toks46
) (C:\Users\diego\AppData\Local\Programs\MiKTeX\tex/latex/hyperref\hyperref.sty
Package: hyperref 2026-06-17 v7.01r Hypertext links for LaTeX
 (C:\Users\diego\AppData\Local\Programs\MiKTeX\tex/latex/kvsetkeys\kvsetkeys.sty
Package: kvsetkeys 2022-10-05 v1.19 Key value parser (HO)
) (C:\Users\diego\AppData\Local\Programs\MiKTeX\tex/generic/kvdefinekeys\kvdefinekeys.sty
Package: kvdefinekeys 2019-12-19 v1.6 Define keys (HO)
) (C:\Users\diego\AppData\Local\Programs\MiKTeX\tex/latex/hycolor\hycolor.sty
Package: hycolor 2020-01-27 v1.10 Color options for hyperref/bookmark (HO)
) (C:\Users\diego\AppData\Local\Programs\MiKTeX\tex/latex/hyperref\nameref.sty
Package: nameref 2026-01-29 v2.58 Cross-referencing by name of section
 (C:\Users\diego\AppData\Local\Programs\MiKTeX\tex/latex/refcount\refcount.sty
Package: refcount 2019/12/15 v3.6 Data extraction from label references (HO)
) (C:\Users\diego\AppData\Local\Programs\MiKTeX\tex/generic/gettitlestring\gettitlestring.sty
Package: gettitlestring 2019/12/15 v1.6 Cleanup title references (HO)
 (C:\Users\diego\AppData\Local\Programs\MiKTeX\tex/latex/kvoptions\kvoptions.sty
Package: kvoptions 2022-06-15 v3.15 Key value format for package options (HO)
))
\c@section@level=\count365
)
\@linkdim=\dimen320
\Hy@linkcounter=\count366
\Hy@pagecounter=\count367
 (C:\Users\diego\AppData\Local\Programs\MiKTeX\tex/latex/hyperref\pd1enc.def
File: pd1enc.def 2026-06-17 v7.01r Hyperref: PDFDocEncoding definition (HO)
Now handling font encoding PD1 ...
... no UTF-8 mapping file for font encoding PD1
) (C:\Users\diego\AppData\Local\Programs\MiKTeX\tex/generic/intcalc\intcalc.sty
Package: intcalc 2019/12/15 v1.3 Expandable calculations with integers (HO)
)
\Hy@SavedSpaceFactor=\count368
 (C:\Users\diego\AppData\Local\Programs\MiKTeX\tex/latex/hyperref\puenc.def
File: puenc.def 2026-06-17 v7.01r Hyperref: PDF Unicode definition (HO)
Now handling font encoding PU ...
... no UTF-8 mapping file for font encoding PU
)
Package hyperref Info: Option `final' set `true' on input line 4070.
Package hyperref Info: Hyper figures OFF on input line 4199.
Package hyperref Info: Link nesting OFF on input line 4204.
Package hyperref Info: Hyper index ON on input line 4207.
Package hyperref Info: Plain pages OFF on input line 4214.
Package hyperref Info: Backreferencing OFF on input line 4219.
Package hyperref Info: Implicit mode ON; LaTeX internals redefined.
Package hyperref Info: Bookmarks ON on input line 4466.
\c@Hy@tempcnt=\count369
LaTeX Info: Redefining \url on input line 4805.
\XeTeXLinkMargin=\dimen321
 (C:\Users\diego\AppData\Local\Programs\MiKTeX\tex/generic/bitset\bitset.sty
Package: bitset 2019/12/09 v1.3 Handle bit-vector datatype (HO)
 (C:\Users\diego\AppData\Local\Programs\MiKTeX\tex/generic/bigintcalc\bigintcalc.sty
Package: bigintcalc 2019/12/15 v1.5 Expandable calculations on big integers (HO)
))
\Fld@menulength=\count370
\Field@Width=\dimen322
\Fld@charsize=\dimen323
Package hyperref Info: Hyper figures OFF on input line 6091.
Package hyperref Info: Link nesting OFF on input line 6096.
Package hyperref Info: Hyper index ON on input line 6099.
Package hyperref Info: backreferencing OFF on input line 6106.
Package hyperref Info: Link coloring OFF on input line 6111.
Package hyperref Info: Link coloring with OCG OFF on input line 6116.
Package hyperref Info: PDF/A mode OFF on input line 6121.
\Hy@abspage=\count371
\c@Item=\count372
\c@Hfootnote=\count373
)
Package hyperref Info: Driver (autodetected): hpdftex.
 (C:\Users\diego\AppData\Local\Programs\MiKTeX\tex/latex/hyperref\hpdftex.def
File: hpdftex.def 2026-06-17 v7.01r Hyperref driver for pdfTeX
\Fld@listcount=\count374
\c@bookmark@seq@number=\count375
 (C:\Users\diego\AppData\Local\Programs\MiKTeX\tex/latex/rerunfilecheck\rerunfilecheck.sty
Package: rerunfilecheck 2025-06-21 v1.11 Rerun checks for auxiliary files (HO)
 (C:\Users\diego\AppData\Local\Programs\MiKTeX\tex/generic/uniquecounter\uniquecounter.sty
Package: uniquecounter 2019/12/15 v1.4 Provide unlimited unique counter (HO)
)
Package uniquecounter Info: New unique counter `rerunfilecheck' on input line 284.
)
\Hy@SectionHShift=\skip64
)
\symmatha=\mathgroup11
 (Preamble/Diagonal Matrix Command.tex) (C:\Users\diego\AppData\Local\Programs\MiKTeX\tex/latex/geometry\geometry.sty
Package: geometry 2026/03/07 v6.0 Page Geometry
 (C:\Users\diego\AppData\Local\Programs\MiKTeX\tex/generic/iftex\ifvtex.sty
Package: ifvtex 2019/10/25 v1.7 ifvtex legacy package. Use iftex instead.
)
\Gm@cnth=\count376
\Gm@cntv=\count377
\c@Gm@tempcnt=\count378
\Gm@bindingoffset=\dimen324
\Gm@wd@mp=\dimen325
\Gm@odd@mp=\dimen326
\Gm@even@mp=\dimen327
\Gm@layoutwidth=\dimen328
\Gm@layoutheight=\dimen329
\Gm@layouthoffset=\dimen330
\Gm@layoutvoffset=\dimen331
\Gm@dimlist=\toks47
 (C:\Users\diego\AppData\Local\Programs\MiKTeX\tex/latex/geometry\geometry.cfg)) (C:\Users\diego\AppData\Local\Programs\MiKTeX\tex/latex/eso-pic\eso-pic.sty
Package: eso-pic 2026/05/31 v3.0e eso-pic (RN)
\ESO@tempdima=\dimen332
\ESO@tempdimb=\dimen333
) (C:\Users\diego\AppData\Local\Programs\MiKTeX\tex/latex/wrapfig\wrapfig.sty
\wrapoverhang=\dimen334
\WF@size=\dimen335
\c@WF@wrappedlines=\count379
\WF@box=\box132
\WF@everypar=\toks48
Package: wrapfig 2003/01/31  v 3.6
) (C:\Users\diego\AppData\Local\Programs\MiKTeX\tex/latex/float\float.sty
Package: float 2001/11/08 v1.3d Float enhancements (AL)
\c@float@type=\count380
\float@exts=\toks49
\float@box=\box133
\@float@everytoks=\toks50
\@floatcapt=\box134
) (C:\Users\diego\AppData\Local\Programs\MiKTeX\tex/latex/chngcntr\chngcntr.sty
Package: chngcntr 2018/04/09 v1.1a change counter resetting
Package chngcntr Info: \counterwithout already defined.
(chngcntr)             Quitting chngcntr on input line 21.
) (C:\Users\diego\AppData\Local\Programs\MiKTeX\tex/generic/babel\babel.sty
Package: babel 2026/08/21 v26.11 The multilingual framework for LuaLaTeX, pdfLaTeX and XeLaTeX
\babel@savecnt=\count381
LaTeX Encoding Info:    Redeclaring text command \ij (encoding OT1) on input line 2105.
LaTeX Encoding Info:    Redeclaring text command \IJ (encoding OT1) on input line 2107.
LaTeX Encoding Info:    Redeclaring text command \ij (encoding T1) on input line 2109.
LaTeX Encoding Info:    Redeclaring text command \IJ (encoding T1) on input line 2110.
LaTeX Encoding Info:    Ignoring declaration for text command \ij (encoding ?) on input line 2111.
LaTeX Encoding Info:    Ignoring declaration for text command \IJ (encoding ?) on input line 2113.
LaTeX Encoding Info:    Ignoring declaration for text command \SS (encoding ?) on input line 2138.
\U@D=\dimen336
\l@unhyphenated=\language79
 (C:\Users\diego\AppData\Local\Programs\MiKTeX\tex/generic/babel\txtbabel.def)
\bbl@readstream=\read4
\bbl@dirlevel=\count382
Package babel Info: Configuration files are deprecated, as
(babel)             they can break document portability.
(babel)             Reported on input line 4332.

*************************************
* Local config file bblopts.cfg used
*
(C:\Users\diego\AppData\Local\Programs\MiKTeX\tex/latex/arabi\bblopts.cfg
File: bblopts.cfg 2005/09/08 v0.1 add Arabic and Farsi to "declared" options of babel
) (C:\Users\diego\AppData\Local\Programs\MiKTeX\tex/generic/babel/locale/en\babel-english.tex)
Package babel Info: Importing font and identification data for 'english'
(babel)             from babel-en.ini. Reported on input line 4460.
 (C:\Users\diego\AppData\Local\Programs\MiKTeX\tex/latex/babel-english\english.ldf
Language: english 2017/06/06 v3.3r English support from the babel system
Package babel Info: Hyphen rules for 'canadian' set to \l@english
(babel)             (\language0). Reported on input line 102.
Package babel Info: Hyphen rules for 'australian' set to \l@ukenglish
(babel)             (\language73). Reported on input line 105.
Package babel Info: Hyphen rules for 'newzealand' set to \l@ukenglish
(babel)             (\language73). Reported on input line 108.
)) (C:\Users\diego\AppData\Local\Programs\MiKTeX\tex/latex/amscls\amsthm.sty
Package: amsthm 2020/05/29 v2.20.6
\thm@style=\toks51
\thm@bodyfont=\toks52
\thm@headfont=\toks53
\thm@notefont=\toks54
\thm@headpunct=\toks55
\thm@preskip=\skip65
\thm@postskip=\skip66
\thm@headsep=\skip67
\dth@everypar=\toks56
) (C:\Users\diego\AppData\Local\Programs\MiKTeX\tex/latex/thmtools\thmtools.sty
Package: thmtools 2023/05/04 v0.76
\thmt@toks=\toks57
\c@thmt@dummyctr=\count383
 (C:\Users\diego\AppData\Local\Programs\MiKTeX\tex/latex/thmtools\thm-patch.sty
Package: thm-patch 2023/05/04 v0.76
 (C:\Users\diego\AppData\Local\Programs\MiKTeX\tex/latex/thmtools\parseargs.sty
Package: parseargs 2023/05/04 v0.76
\@parsespec=\toks58
)) (C:\Users\diego\AppData\Local\Programs\MiKTeX\tex/latex/thmtools\thm-kv.sty
Package: thm-kv 2023/05/04 v0.76
Package thm-kv Info: Theorem names will be uppercased on input line 42.
Package thm-kv Info: kvsetkeys patch (v1.16 or later) on input line 158.
) (C:\Users\diego\AppData\Local\Programs\MiKTeX\tex/latex/thmtools\thm-autoref.sty
Package: thm-autoref 2023/05/04 v0.76
 (C:\Users\diego\AppData\Local\Programs\MiKTeX\tex/latex/thmtools\aliasctr.sty
Package: aliasctr 2023/05/04 v0.76
)) (C:\Users\diego\AppData\Local\Programs\MiKTeX\tex/latex/thmtools\thm-listof.sty
Package: thm-listof 2023/05/04 v0.76
) (C:\Users\diego\AppData\Local\Programs\MiKTeX\tex/latex/thmtools\thm-restate.sty
Package: thm-restate 2023/05/04 v0.76
) (C:\Users\diego\AppData\Local\Programs\MiKTeX\tex/latex/thmtools\thm-amsthm.sty
Package: thm-amsthm 2023/05/04 v0.76
\thmt@style@headstyle=\toks59
)) (C:\Users\diego\AppData\Local\Programs\MiKTeX\tex/latex/framed\framed.sty
Package: framed 2011/10/22 v 0.96: framed or shaded text with page breaks
\OuterFrameSep=\skip68
\fb@frw=\dimen337
\fb@frh=\dimen338
\FrameRule=\dimen339
\FrameSep=\dimen340
) (C:\Users\diego\AppData\Local\Programs\MiKTeX\tex/generic/pgf/frontendlayer/tikz/libraries\tikzlibraryangles.code.tex
File: tikzlibraryangles.code.tex 2026-08-01 v3.1.12 (3.1.12)
) (C:\Users\diego\AppData\Local\Programs\MiKTeX\tex/latex/contour\contour.sty
Package: contour 2004/11/18 v2.14 Print contoured text (HH, MH)
\con@length=\skip69

Loading configuration file `contour.cfg'.
(C:\Users\diego\AppData\Local\Programs\MiKTeX\tex/latex/contour\contour.cfg
File: contour.cfg 2004/11/18 v2.14 Print contoured text (HH, MH)
)
contour: Using driver file `pdftex.cnt'.
(C:\Users\diego\AppData\Local\Programs\MiKTeX\tex/latex/contour\pdftex.cnt
File: pdftex.cnt 2004/11/18 v2.14 Print contoured text (HH, MH)
)) (C:\Users\diego\AppData\Local\Programs\MiKTeX\tex/latex/mdframed\mdframed.sty
Package: mdframed 2013/07/01 1.9b: mdframed
 (C:\Users\diego\AppData\Local\Programs\MiKTeX\tex/latex/zref\zref-abspage.sty
Package: zref-abspage 2026-03-07 v2.37 Module abspage for zref (HO)
 (C:\Users\diego\AppData\Local\Programs\MiKTeX\tex/latex/zref\zref-base.sty
Package: zref-base 2026-03-07 v2.37 Module base for zref (HO)
 (C:\Users\diego\AppData\Local\Programs\MiKTeX\tex/generic/etexcmds\etexcmds.sty
Package: etexcmds 2019/12/15 v1.7 Avoid name clashes with e-TeX commands (HO)
) (C:\Users\diego\AppData\Local\Programs\MiKTeX\tex/latex/auxhook\auxhook.sty
Package: auxhook 2019-12-17 v1.6 Hooks for auxiliary files (HO)
)
Package zref Info: New property list: main on input line 767.
Package zref Info: New property: default on input line 768.
Package zref Info: New property: page on input line 769.
)
\c@abspage=\count384
Package zref Info: New property: abspage on input line 67.
) (C:\Users\diego\AppData\Local\Programs\MiKTeX\tex/latex/needspace\needspace.sty
Package: needspace 2025/03/13 v1.3e reserve vertical space
)
\mdf@templength=\skip70
\c@mdf@globalstyle@cnt=\count385
\mdf@skipabove@length=\skip71
\mdf@skipbelow@length=\skip72
\mdf@leftmargin@length=\skip73
\mdf@rightmargin@length=\skip74
\mdf@innerleftmargin@length=\skip75
\mdf@innerrightmargin@length=\skip76
\mdf@innertopmargin@length=\skip77
\mdf@innerbottommargin@length=\skip78
\mdf@splittopskip@length=\skip79
\mdf@splitbottomskip@length=\skip80
\mdf@outermargin@length=\skip81
\mdf@innermargin@length=\skip82
\mdf@linewidth@length=\skip83
\mdf@innerlinewidth@length=\skip84
\mdf@middlelinewidth@length=\skip85
\mdf@outerlinewidth@length=\skip86
\mdf@roundcorner@length=\skip87
\mdf@footenotedistance@length=\skip88
\mdf@userdefinedwidth@length=\skip89
\mdf@needspace@length=\skip90
\mdf@frametitleaboveskip@length=\skip91
\mdf@frametitlebelowskip@length=\skip92
\mdf@frametitlerulewidth@length=\skip93
\mdf@frametitleleftmargin@length=\skip94
\mdf@frametitlerightmargin@length=\skip95
\mdf@shadowsize@length=\skip96
\mdf@extratopheight@length=\skip97
\mdf@subtitleabovelinewidth@length=\skip98
\mdf@subtitlebelowlinewidth@length=\skip99
\mdf@subtitleaboveskip@length=\skip100
\mdf@subtitlebelowskip@length=\skip101
\mdf@subtitleinneraboveskip@length=\skip102
\mdf@subtitleinnerbelowskip@length=\skip103
\mdf@subsubtitleabovelinewidth@length=\skip104
\mdf@subsubtitlebelowlinewidth@length=\skip105
\mdf@subsubtitleaboveskip@length=\skip106
\mdf@subsubtitlebelowskip@length=\skip107
\mdf@subsubtitleinneraboveskip@length=\skip108
\mdf@subsubtitleinnerbelowskip@length=\skip109
 (C:\Users\diego\AppData\Local\Programs\MiKTeX\tex/latex/mdframed\md-frame-1.mdf
File: md-frame-1.mdf 2013/07/01\ 1.9b: md-frame-1
)
\mdf@frametitlebox=\box135
\mdf@footnotebox=\box136
\mdf@splitbox@one=\box137
\mdf@splitbox@two=\box138
\mdf@splitbox@save=\box139
\mdfsplitboxwidth=\skip110
\mdfsplitboxtotalwidth=\skip111
\mdfsplitboxheight=\skip112
\mdfsplitboxdepth=\skip113
\mdfsplitboxtotalheight=\skip114
\mdfframetitleboxwidth=\skip115
\mdfframetitleboxtotalwidth=\skip116
\mdfframetitleboxheight=\skip117
\mdfframetitleboxdepth=\skip118
\mdfframetitleboxtotalheight=\skip119
\mdffootnoteboxwidth=\skip120
\mdffootnoteboxtotalwidth=\skip121
\mdffootnoteboxheight=\skip122
\mdffootnoteboxdepth=\skip123
\mdffootnoteboxtotalheight=\skip124
\mdftotallinewidth=\skip125
\mdfboundingboxwidth=\skip126
\mdfboundingboxtotalwidth=\skip127
\mdfboundingboxheight=\skip128
\mdfboundingboxdepth=\skip129
\mdfboundingboxtotalheight=\skip130
\mdf@freevspace@length=\skip131
\mdf@horizontalwidthofbox@length=\skip132
\mdf@verticalmarginwhole@length=\skip133
\mdf@horizontalspaceofbox=\skip134
\mdfsubtitleheight=\skip135
\mdfsubsubtitleheight=\skip136
\c@mdfcountframes=\count386

****** mdframed patching \endmdf@trivlist

****** -- success******

\mdf@envdepth=\count387
\c@mdf@env@i=\count388
\c@mdf@env@ii=\count389
\c@mdf@zref@counter=\count390
Package zref Info: New property: mdf@pagevalue on input line 895.
)
Package thmtools Info: Key `postheadhook' (with value `\textcolor {black}{\rule [.6ex]{\linewidth }{0.4pt}}\\')
(thmtools)             is not a known style key.
(thmtools)             Will pass this to every \declaretheorem
(thmtools)             that uses `style=myTheoremStyle' on input line 192.
Package thmtools Info: Key `mdframed' (with value ` backgroundcolor=LightRed, innertopmargin=6pt, roundcorner=5pt, innerbottommargin=6pt, linewidth=0.7pt, skipabove=1\baselineskip , skipbelow=\medskipamount , ')
(thmtools)             is not a known style key.
(thmtools)             Will pass this to every \declaretheorem
(thmtools)             that uses `style=myTheoremStyle' on input line 192.
Package thmtools Info: Automatically pulling in `thmdef-mdframed' on input line 200.
 (C:\Users\diego\AppData\Local\Programs\MiKTeX\tex/latex/thmtools\thmdef-mdframed.sty
Package: thmdef-mdframed 2023/05/04 v0.76
)
\c@teorema=\count391
Package thmtools Info: Key `postheadhook' (with value `\textcolor {black}{\rule [.6ex]{\linewidth }{0.4pt}}\\')
(thmtools)             is not a known style key.
(thmtools)             Will pass this to every \declaretheorem
(thmtools)             that uses `style=myPropositionStyle' on input line 218.
Package thmtools Info: Key `mdframed' (with value ` backgroundcolor=LightOrange, innertopmargin=6pt, roundcorner=5pt, innerbottommargin=6pt, linewidth=0.7pt, skipabove=1\baselineskip , skipbelow=\medskipamount , ')
(thmtools)             is not a known style key.
(thmtools)             Will pass this to every \declaretheorem
(thmtools)             that uses `style=myPropositionStyle' on input line 218.
\c@proposición=\count392
Package thmtools Info: Key `postheadhook' (with value `\textcolor {black}{\rule [.6ex]{\linewidth }{0.4pt}}\\')
(thmtools)             is not a known style key.
(thmtools)             Will pass this to every \declaretheorem
(thmtools)             that uses `style=myCorollaryStyle' on input line 243.
Package thmtools Info: Key `mdframed' (with value ` backgroundcolor=LightOrange, innertopmargin=6pt, roundcorner=5pt, innerbottommargin=6pt, linewidth=0.7pt, skipabove=1\baselineskip , skipbelow=\medskipamount , ')
(thmtools)             is not a known style key.
(thmtools)             Will pass this to every \declaretheorem
(thmtools)             that uses `style=myCorollaryStyle' on input line 243.
\c@corolario=\count393
Package thmtools Info: Key `postheadhook' (with value `\textcolor {black}{\rule [.6ex]{\linewidth }{0.4pt}}\\')
(thmtools)             is not a known style key.
(thmtools)             Will pass this to every \declaretheorem
(thmtools)             that uses `style=myLemmaStyle' on input line 268.
Package thmtools Info: Key `mdframed' (with value ` backgroundcolor=LightOrange, innertopmargin=6pt, roundcorner=5pt, innerbottommargin=6pt, linewidth=0.7pt, skipabove=1\baselineskip , skipbelow=\medskipamount , ')
(thmtools)             is not a known style key.
(thmtools)             Will pass this to every \declaretheorem
(thmtools)             that uses `style=myLemmaStyle' on input line 268.
\c@lema=\count394
Package thmtools Info: Key `postheadhook' (with value `\textcolor {black}{\rule [.6ex]{\linewidth }{0.4pt}}\\')
(thmtools)             is not a known style key.
(thmtools)             Will pass this to every \declaretheorem
(thmtools)             that uses `style=myDefinitionStyle' on input line 293.
Package thmtools Info: Key `mdframed' (with value ` backgroundcolor=LightBlue, innertopmargin=6pt, roundcorner=5pt, innerbottommargin=6pt, linewidth=0.7pt, skipabove=1\baselineskip , skipbelow=\medskipamount , ')
(thmtools)             is not a known style key.
(thmtools)             Will pass this to every \declaretheorem
(thmtools)             that uses `style=myDefinitionStyle' on input line 293.
\c@definición=\count395
Package thmtools Info: Key `postheadhook' (with value `\textcolor {black}{\rule [.6ex]{\linewidth }{0.4pt}}\\')
(thmtools)             is not a known style key.
(thmtools)             Will pass this to every \declaretheorem
(thmtools)             that uses `style=myObservationStyle' on input line 318.
Package thmtools Info: Key `mdframed' (with value ` backgroundcolor=LightGreen, innertopmargin=6pt, roundcorner=5pt, innerbottommargin=6pt, linewidth=0.7pt, skipabove=1\baselineskip , skipbelow=\medskipamount , ')
(thmtools)             is not a known style key.
(thmtools)             Will pass this to every \declaretheorem
(thmtools)             that uses `style=myObservationStyle' on input line 318.
\c@observación=\count396
 (C:\Users\diego\AppData\Local\Programs\MiKTeX\tex/latex/tocloft\tocloft.sty
Package: tocloft 2026-08-21 v3.0b parameterised ToC, etc., typesetting
Package tocloft Info: The document has section divisions on input line 64.
\cftparskip=\skip137
\cftbeforetoctitleskip=\skip138
\cftaftertoctitleskip=\skip139
\cftbeforepartskip=\skip140
\cftpartnumwidth=\skip141
\cftpartindent=\skip142
\cftbeforesecskip=\skip143
\cftsecindent=\skip144
\cftsecnumwidth=\skip145
\cftbeforesubsecskip=\skip146
\cftsubsecindent=\skip147
\cftsubsecnumwidth=\skip148
\cftbeforesubsubsecskip=\skip149
\cftsubsubsecindent=\skip150
\cftsubsubsecnumwidth=\skip151
\cftbeforeparaskip=\skip152
\cftparaindent=\skip153
\cftparanumwidth=\skip154
\cftbeforesubparaskip=\skip155
\cftsubparaindent=\skip156
\cftsubparanumwidth=\skip157
\cftbeforeloftitleskip=\skip158
\cftafterloftitleskip=\skip159
\cftbeforefigskip=\skip160
\cftfigindent=\skip161
\cftfignumwidth=\skip162
\c@lofdepth=\count397
\c@lotdepth=\count398
\cftbeforelottitleskip=\skip163
\cftafterlottitleskip=\skip164
\cftbeforetabskip=\skip165
\cfttabindent=\skip166
\cfttabnumwidth=\skip167
) (C:\Users\diego\AppData\Local\Programs\MiKTeX\tex/latex/etoc\etoc.sty
Package: etoc 2026/05/04 v1.2e Completely customisable TOCs (JFB)
\Etoc@toctoks=\toks60
\c@etoc@tocid=\count399
\etoc@framed@titlebox=\box140
\etoc@framed@contentsbox=\box141
) (C:\Users\diego\AppData\Local\Programs\MiKTeX\tex/latex/tocbibind\tocbibind.sty
Package: tocbibind 2026/06/01 v1.5l extra ToC listings
Package tocbibind Info: The document has section divisions on input line 50.


Package tocbibind Note: Using section or other style headings.

) (C:\Users\diego\AppData\Local\Programs\MiKTeX\tex/latex/cleveref\cleveref.sty
Package: cleveref 2018/03/27 v0.21.4 Intelligent cross-referencing
Package cleveref Info: `hyperref' support loaded on input line 2370.
LaTeX Info: Redefining \cref on input line 2370.
LaTeX Info: Redefining \Cref on input line 2370.
LaTeX Info: Redefining \crefrange on input line 2370.
LaTeX Info: Redefining \Crefrange on input line 2370.
LaTeX Info: Redefining \cpageref on input line 2370.
LaTeX Info: Redefining \Cpageref on input line 2370.
LaTeX Info: Redefining \cpagerefrange on input line 2370.
LaTeX Info: Redefining \Cpagerefrange on input line 2370.
LaTeX Info: Redefining \labelcref on input line 2370.
LaTeX Info: Redefining \labelcpageref on input line 2370.
Package cleveref Info: `amsthm' support loaded on input line 3026.
Package cleveref Info: `listings' support loaded on input line 3131.
)
==> First Aid for cleveref.sty applied!
(C:\Users\diego\AppData\Local\Programs\MiKTeX\tex/latex/xstring\xstring.sty (C:\Users\diego\AppData\Local\Programs\MiKTeX\tex/generic/xstring\xstring.tex
\xs_counta=\count400
\xs_countb=\count401
)
Package: xstring 2023/08/22 v1.86 String manipulations (CT)
) (C:\Users\diego\AppData\Local\Programs\MiKTeX\tex/latex/fancyhdr\fancyhdr.sty
Package: fancyhdr 2025/02/07 v5.2 Extensive control of page headers and footers
\f@nch@headwidth=\skip168
\f@nch@offset@elh=\skip169
\f@nch@offset@erh=\skip170
\f@nch@offset@olh=\skip171
\f@nch@offset@orh=\skip172
\f@nch@offset@elf=\skip173
\f@nch@offset@erf=\skip174
\f@nch@offset@olf=\skip175
\f@nch@offset@orf=\skip176
\f@nch@height=\skip177
\f@nch@footalignment=\skip178
\f@nch@widthL=\skip179
\f@nch@widthC=\skip180
\f@nch@widthR=\skip181
\@temptokenb=\toks61
)
\c@ejercicio=\count402
\c@hoja=\count403
\c@apendice=\count404
\c@examen=\count405
) (C:\Users\diego\AppData\Local\Programs\MiKTeX\tex/latex/doclicense\doclicense.sty
Package: doclicense 2023/10/01 v3.3.0 Support for putting documents under a license
 (C:\Users\diego\AppData\Local\Programs\MiKTeX\tex/latex/xifthen\xifthen.sty
Package: xifthen 2015/11/05 v1.4.0 Extended ifthen features
 (C:\Users\diego\AppData\Local\Programs\MiKTeX\tex/latex/ifmtarg\ifmtarg.sty
Package: ifmtarg 2018/04/16 v1.2b check for an empty argument
)) (C:\Users\diego\AppData\Local\Programs\MiKTeX\tex/latex/hyperxmp\hyperxmp.sty
Package: hyperxmp 2024/03/17 v5.13 Store hyperref metadata in XMP format
\hyxmp@aep@toks=\toks62
\@hyxmp@count=\count406
 (C:\Users\diego\AppData\Local\Programs\MiKTeX\tex/latex/oberdiek\ifdraft.sty
Package: ifdraft 2016/05/16 v1.4 Detect class options draft and final (HO)
) (C:\Users\diego\AppData\Local\Programs\MiKTeX\tex/generic/iftex\ifluatex.sty
Package: ifluatex 2019/10/25 v1.5 ifluatex legacy package. Use iftex instead.
))
\doclicense@hsize=\skip182
 (C:\Users\diego\AppData\Local\Programs\MiKTeX\tex/latex/doclicense\doclicense-english.ldf
File: doclicense-english.ldf 
)) (C:\Users\diego\AppData\Local\Programs\MiKTeX\tex/latex/ccicons\ccicons.sty
Package: ccicons 2017/10/30 v1.6 LaTeX support for Creative Commons icons
 (C:\Users\diego\AppData\Local\Programs\MiKTeX\tex/latex/xkeyval\xkeyval.sty
Package: xkeyval 2022/06/16 v2.9 package option processing (HA)
 (C:\Users\diego\AppData\Local\Programs\MiKTeX\tex/generic/xkeyval\xkeyval.tex (C:\Users\diego\AppData\Local\Programs\MiKTeX\tex/generic/xkeyval\xkvutils.tex
\XKV@toks=\toks63
\XKV@tempa@toks=\toks64
)
\XKV@depth=\count407
File: xkeyval.tex 2014/12/03 v2.7a key=value parser (HA)
))) (C:\Users\diego\AppData\Local\Programs\MiKTeX\tex/latex/csquotes\csquotes.sty
Package: csquotes 2026-05-19 v5.2p context-sensitive quotations (JAW)
\csq@reset=\count408
\csq@gtype=\count409
\csq@glevel=\count410
\csq@qlevel=\count411
\csq@maxlvl=\count412
\csq@tshold=\count413
\csq@ltx@everypar=\toks65
 (C:\Users\diego\AppData\Local\Programs\MiKTeX\tex/latex/csquotes\csquotes.def
File: csquotes.def 2026-05-19 v5.2p csquotes generic definitions (JAW)
)
Package csquotes Info: Trying to load configuration file 'csquotes.cfg'...
Package csquotes Info: ... configuration file loaded successfully.
 (C:\Users\diego\AppData\Local\Programs\MiKTeX\tex/latex/csquotes\csquotes.cfg
File: csquotes.cfg 
)) (main.aux)
\openout1 = `main.aux'.

LaTeX Font Info:    Checking defaults for OML/cmm/m/it on input line 15.
LaTeX Font Info:    ... okay on input line 15.
LaTeX Font Info:    Checking defaults for OMS/cmsy/m/n on input line 15.
LaTeX Font Info:    ... okay on input line 15.
LaTeX Font Info:    Checking defaults for OT1/cmr/m/n on input line 15.
LaTeX Font Info:    ... okay on input line 15.
LaTeX Font Info:    Checking defaults for T1/cmr/m/n on input line 15.
LaTeX Font Info:    ... okay on input line 15.
LaTeX Font Info:    Checking defaults for TS1/cmr/m/n on input line 15.
LaTeX Font Info:    ... okay on input line 15.
LaTeX Font Info:    Checking defaults for OMX/cmex/m/n on input line 15.
LaTeX Font Info:    ... okay on input line 15.
LaTeX Font Info:    Checking defaults for U/cmr/m/n on input line 15.
LaTeX Font Info:    ... okay on input line 15.
LaTeX Font Info:    Checking defaults for PD1/pdf/m/n on input line 15.
LaTeX Font Info:    ... okay on input line 15.
LaTeX Font Info:    Checking defaults for PU/pdf/m/n on input line 15.
LaTeX Font Info:    ... okay on input line 15.
 (C:\Users\diego\AppData\Local\Programs\MiKTeX\tex/context/base/mkii\supp-pdf.mkii
[Loading MPS to PDF converter (version 2006.09.02).]
\scratchcounter=\count414
\scratchdimen=\dimen341
\scratchbox=\box142
\nofMPsegments=\count415
\nofMParguments=\count416
\everyMPshowfont=\toks66
\MPscratchCnt=\count417
\MPscratchDim=\dimen342
\MPnumerator=\count418
\makeMPintoPDFobject=\count419
\everyMPtoPDFconversion=\toks67
) (C:\Users\diego\AppData\Local\Programs\MiKTeX\tex/latex/epstopdf-pkg\epstopdf-base.sty
Package: epstopdf-base 2020-01-24 v2.11 Base part for package epstopdf
Package epstopdf-base Info: Redefining graphics rule for `.eps' on input line 485.
 (C:\Users\diego\AppData\Local\Programs\MiKTeX\tex/latex/00miktex\epstopdf-sys.cfg
File: epstopdf-sys.cfg 2021/03/18 v2.0 Configuration of epstopdf for MiKTeX
))
\c@lstlisting=\count420

Package pgfplots notification 'compat/show suggested version=true': you might benefit from \pgfplotsset{compat=1.18} (current compat level: 1.15).

Package hyperref Info: Link coloring OFF on input line 15.
(main.out) (main.out)
\@outlinefile=\write5
\openout5 = `main.out'.


*geometry* driver: auto-detecting
*geometry* detected driver: pdftex
*geometry* verbose mode - [ preamble ] result:
* driver: pdftex
* paper: a4paper
* layout: <same size as paper>
* layoutoffset:(h,v)=(0.0pt,0.0pt)
* modes: 
* h-part:(L,W,R)=(45.80893pt, 505.89pt, 45.80894pt)
* v-part:(T,H,B)=(48.93872pt, 722.7pt, 73.40813pt)
* \paperwidth=597.50787pt
* \paperheight=845.04684pt
* \textwidth=505.89pt
* \textheight=722.7pt
* \oddsidemargin=-26.46106pt
* \evensidemargin=-26.46106pt
* \topmargin=-60.33127pt
* \headheight=12.0pt
* \headsep=25.0pt
* \topskip=11.0pt
* \footskip=30.0pt
* \marginparwidth=50.0pt
* \marginparsep=10.0pt
* \columnsep=10.0pt
* \skip\footins=10.0pt plus 4.0pt minus 2.0pt
* \hoffset=0.0pt
* \voffset=0.0pt
* \mag=1000
* \@twocolumnfalse
* \@twosidefalse
* \@mparswitchfalse
* \@reversemarginfalse
* (1in=72.27pt=25.4mm, 1cm=28.453pt)

\Etoc@tf=\read5
Package etoc Info: Setting (or re-setting) the options `maintoctotoc' and
(etoc)             `localtoctotoc' to true as tocbibind was detected and
(etoc)             found to be configured for `TOC to toc'.
(etoc)             Reported at begin document on input line 15.
Package babel Info: Main language set to 'english'.
<images/logo.png, id=274, 1585.81029pt x 1585.81029pt>
File: images/logo.png Graphic file (type png)
<use images/logo.png>
Package pdftex.def Info: images/logo.png  used on input line 31.
(pdftex.def)             Requested size: 237.86128pt x 237.86128pt.
LaTeX Font Info:    Trying to load font information for U+esint on input line 38.
(C:\Users\diego\AppData\Local\Programs\MiKTeX\tex/latex/esint\uesint.fd
File: uesint.fd 
)
LaTeX Font Info:    Trying to load font information for U+msa on input line 38.
 (C:\Users\diego\AppData\Local\Programs\MiKTeX\tex/latex/amsfonts\umsa.fd
File: umsa.fd 2013/01/14 v3.01 AMS symbols A
)
LaTeX Font Info:    Trying to load font information for U+msb on input line 38.
 (C:\Users\diego\AppData\Local\Programs\MiKTeX\tex/latex/amsfonts\umsb.fd
File: umsb.fd 2013/01/14 v3.01 AMS symbols B
)
LaTeX Font Info:    Trying to load font information for U+rsfs on input line 38.
 (C:\Users\diego\AppData\Local\Programs\MiKTeX\tex/latex/jknappen\ursfs.fd
File: ursfs.fd 1998/03/24 rsfs font definition file (jk)
) [1

{C:/Users/diego/AppData/Local/MiKTeX/fonts/map/pdftex/pdftex.map} <./images/logo.png>] (Preamble/Introduction.tex)
pdfTeX warning (ext4): destination with the same identifier (name{page.1}) has been already used, duplicate ignored
<to be read again> 
                   \relax 
l.67 \newpage
              [1]
\tf@toc=\write6
\openout6 = `main.toc'.

 [2]

Package fancyhdr Warning: \headheight is too small (12.0pt): 
(fancyhdr)                Make it at least 13.07225pt, for example:
(fancyhdr)                \setlength{\headheight}{13.07225pt}.
(fancyhdr)                You might also make \topmargin smaller:
(fancyhdr)                \addtolength{\topmargin}{-1.07225pt}.

[3] [4] [5] (Theory/Theory.tex Excluding 'comment' comment. (Theory/1 - Matrices y sus propiedades.tex
Package mdframed Info: mdframed detected package amsthm 
 changed the theorem header of amsthm
(mdframed)              on input line 5.
Package hyperref Info: bookmark level for unknown definición defaults to 0 on input line 5.
 [6]
Package mdframed Info: mdframed detected package amsthm 
 changed the theorem header of amsthm
(mdframed)              on input line 26.

Overfull \hbox (0.13411pt too wide) in paragraph at lines 26--29
\OT1/cmr/m/it/10.95 En el caso de ma-tri-ces con en-tradas reales, una ma-triz her-mi-tiana es sim-ple-mente una ma-triz sim^^Setrica,
 []

Package mdframed Info: mdframed detected package amsthm 
 changed the theorem header of amsthm
(mdframed)              on input line 42.
[7]
Package mdframed Info: mdframed detected package amsthm 
 changed the theorem header of amsthm
(mdframed)              on input line 55.
Package hyperref Info: bookmark level for unknown observación defaults to 0 on input line 55.
Package mdframed Info: mdframed detected package amsthm 
 changed the theorem header of amsthm
(mdframed)              on input line 82.
Package mdframed Info: mdframed detected package amsthm 
 changed the theorem header of amsthm
(mdframed)              on input line 95.
 [8]
Package mdframed Info: mdframed detected package amsthm 
 changed the theorem header of amsthm
(mdframed)              on input line 107.
Package hyperref Info: bookmark level for unknown proposición defaults to 0 on input line 107.
Package mdframed Info: mdframed detected package amsthm 
 changed the theorem header of amsthm
(mdframed)              on input line 143.

Underfull \hbox (badness 10000) in paragraph at lines 147--149

 []

[9]
Package mdframed Info: mdframed detected package amsthm 
 changed the theorem header of amsthm
(mdframed)              on input line 159.
Package mdframed Info: mdframed detected package amsthm 
 changed the theorem header of amsthm
(mdframed)              on input line 181.
 [10]
Package mdframed Info: mdframed detected package amsthm 
 changed the theorem header of amsthm
(mdframed)              on input line 203.
Package mdframed Info: mdframed detected package amsthm 
 changed the theorem header of amsthm
(mdframed)              on input line 245.
 [11]
Package mdframed Info: mdframed detected package amsthm 
 changed the theorem header of amsthm
(mdframed)              on input line 250.
Package mdframed Info: mdframed detected package amsthm 
 changed the theorem header of amsthm
(mdframed)              on input line 253.
Package mdframed Info: mdframed detected package amsthm 
 changed the theorem header of amsthm
(mdframed)              on input line 261.
Package mdframed Info: Box was splittet wrong
 starting loop to iterate the splitting point
(mdframed)              on input line 286.
 [12]
Package mdframed Info: mdframed detected package amsthm 
 changed the theorem header of amsthm
(mdframed)              on input line 288.
Package mdframed Info: mdframed detected package amsthm 
 changed the theorem header of amsthm
(mdframed)              on input line 310.
Package hyperref Info: bookmark level for unknown teorema defaults to 0 on input line 310.
 [13]
Package mdframed Info: mdframed detected package amsthm 
 changed the theorem header of amsthm
(mdframed)              on input line 346.
Package hyperref Info: bookmark level for unknown corolario defaults to 0 on input line 346.
Package mdframed Info: mdframed detected package amsthm 
 changed the theorem header of amsthm
(mdframed)              on input line 355.
Package mdframed Info: mdframed detected package amsthm 
 changed the theorem header of amsthm
(mdframed)              on input line 379.
Package mdframed Info: Box was splittet wrong
 starting loop to iterate the splitting point
(mdframed)              on input line 427.
 [14]
Underfull \hbox (badness 10000) in paragraph at lines 431--432

 []

Package mdframed Info: mdframed detected package amsthm 
 changed the theorem header of amsthm
(mdframed)              on input line 433.

pdfTeX warning (ext4): destination with the same identifier (name{definici\303\263n.1}) has been already used, duplicate ignored
<to be read again> 
                   \relax 
l.433 \begin{definición}[Espectro de una matriz]
                                                 
Package mdframed Info: mdframed detected package amsthm 
 changed the theorem header of amsthm
(mdframed)              on input line 441.

pdfTeX warning (ext4): destination with the same identifier (name{definici\303\263n.2}) has been already used, duplicate ignored
<to be read again> 
                   \relax 
l.441 ...[Polinomio característico de una matriz]
                                                  
Package mdframed Info: mdframed detected package amsthm 
 changed the theorem header of amsthm
(mdframed)              on input line 452.

pdfTeX warning (ext4): destination with the same identifier (name{definici\303\263n.3}) has been already used, duplicate ignored
<to be read again> 
                   \relax 
l.452 ...Autovalores y autovectores de una matriz]
                                                   [15]
Underfull \hbox (badness 10000) in paragraph at lines 461--462

 []


Underfull \hbox (badness 10000) in paragraph at lines 466--468

 []

Package mdframed Info: mdframed detected package amsthm 
 changed the theorem header of amsthm
(mdframed)              on input line 471.

pdfTeX warning (ext4): destination with the same identifier (name{definici\303\263n.4}) has been already used, duplicate ignored
<to be read again> 
                   \relax 
l.471 ...algebraica y geométrica de un autovalor]
                                                  
Package mdframed Info: mdframed detected package amsthm 
 changed the theorem header of amsthm
(mdframed)              on input line 477.

pdfTeX warning (ext4): destination with the same identifier (name{definici\303\263n.5}) has been already used, duplicate ignored
<to be read again> 
                   \relax 
l.477 ...finición}[Radio espectral de una matriz]
                                                  
Package mdframed Info: mdframed detected package amsthm 
 changed the theorem header of amsthm
(mdframed)              on input line 488.

pdfTeX warning (ext4): destination with the same identifier (name{proposici\303\263n.1}) has been already used, duplicate ignored
<to be read again> 
                   \relax 
l.488     S
           i $ A, B \in \mathbb{R}^{n \times n} $ son dos matrices cuadradas... [16]
Package mdframed Info: mdframed detected package amsthm 
 changed the theorem header of amsthm
(mdframed)              on input line 520.

pdfTeX warning (ext4): destination with the same identifier (name{proposici\303\263n.2}) has been already used, duplicate ignored
<to be read again> 
                   \relax 
l.520     S
           i $ A \in \mathbb{R}^{n \times n} $ es una matriz cuadrada, enton...
Package mdframed Info: mdframed detected package amsthm 
 changed the theorem header of amsthm
(mdframed)              on input line 553.

pdfTeX warning (ext4): destination with the same identifier (name{teorema.1}) has been already used, duplicate ignored
<to be read again> 
                   \relax 
l.553 \begin{teorema}[Descomposición QR]
                                         
Package mdframed Info: Not enough space on this page on input line 560.
 [17]
Package mdframed Info: Not enough space on this page on input line 560.
Package mdframed Info: mdframed detected package amsthm 
 changed the theorem header of amsthm
(mdframed)              on input line 564.

pdfTeX warning (ext4): destination with the same identifier (name{definici\303\263n.1}) has been already used, duplicate ignored
<to be read again> 
                   \relax 
l.564 ...cción ortogonal de un vector sobre otro]
                                                   [18]
Package mdframed Info: mdframed detected package amsthm 
 changed the theorem header of amsthm
(mdframed)              on input line 664.
Package mdframed Info: mdframed detected package amsthm 
 changed the theorem header of amsthm
(mdframed)              on input line 686.

pdfTeX warning (ext4): destination with the same identifier (name{corolario.1}) has been already used, duplicate ignored
<to be read again> 
                   \relax 
l.686 ...o}[Determinante de una matriz triangular]
                                                  
Package mdframed Info: Not enough space on this page on input line 699.
 [19]
Package mdframed Info: Not enough space on this page on input line 699.
Package mdframed Info: mdframed detected package amsthm 
 changed the theorem header of amsthm
(mdframed)              on input line 701.

pdfTeX warning (ext4): destination with the same identifier (name{corolario.2}) has been already used, duplicate ignored
<to be read again> 
                   \relax 
l.701 ...lario}[Espectro de una matriz triangular]
                                                  
Package mdframed Info: mdframed detected package amsthm 
 changed the theorem header of amsthm
(mdframed)              on input line 708.

pdfTeX warning (ext4): destination with the same identifier (name{corolario.3}) has been already used, duplicate ignored
<to be read again> 
                   \relax 
l.708 ... matriz bajo la descomposición de Schur]
                                                  
Package mdframed Info: mdframed detected package amsthm 
 changed the theorem header of amsthm
(mdframed)              on input line 726.
Package mdframed Info: mdframed detected package amsthm 
 changed the theorem header of amsthm
(mdframed)              on input line 738.
Package mdframed Info: Not enough space on this page on input line 752.
 [20]
Package mdframed Info: Not enough space on this page on input line 752.
Package mdframed Info: mdframed detected package amsthm 
 changed the theorem header of amsthm
(mdframed)              on input line 754.
Package mdframed Info: mdframed detected package amsthm 
 changed the theorem header of amsthm
(mdframed)              on input line 778.

pdfTeX warning (ext4): destination with the same identifier (name{definici\303\263n.1}) has been already used, duplicate ignored
<to be read again> 
                   \relax 
l.778 ...ón}[Matriz hermítica definida positiva]
                                                  
Package mdframed Info: mdframed detected package amsthm 
 changed the theorem header of amsthm
(mdframed)              on input line 786.

pdfTeX warning (ext4): destination with the same identifier (name{proposici\303\263n.1}) has been already used, duplicate ignored
<to be read again> 
                   \relax 
l.786 ...posición}[Espectro de una matris h.d.p.]
                                                   [21]
Package mdframed Info: mdframed detected package amsthm 
 changed the theorem header of amsthm
(mdframed)              on input line 827.

pdfTeX warning (ext4): destination with the same identifier (name{definici\303\263n.1}) has been already used, duplicate ignored
<to be read again> 
                   \relax 
l.827 \begin{definición}[Norma vectorial general]
                                                  
Package mdframed Info: mdframed detected package amsthm 
 changed the theorem header of amsthm
(mdframed)              on input line 845.

pdfTeX warning (ext4): destination with the same identifier (name{definici\303\263n.2}) has been already used, duplicate ignored
<to be read again> 
                   \relax 
l.845 ...n}[Equivalencia entre normas vectoriales]
                                                   [22]
Package mdframed Info: mdframed detected package amsthm 
 changed the theorem header of amsthm
(mdframed)              on input line 856.

pdfTeX warning (ext4): destination with the same identifier (name{definici\303\263n.3}) has been already used, duplicate ignored
<to be read again> 
                   \relax 
l.856 \begin{definición}[Norma matricial]
                                          
Package mdframed Info: mdframed detected package amsthm 
 changed the theorem header of amsthm
(mdframed)              on input line 900.

pdfTeX warning (ext4): destination with the same identifier (name{definici\303\263n.1}) has been already used, duplicate ignored
<to be read again> 
                   \relax 
l.900 ...nición}[Norma subordinada de una matriz]
                                                  
Package mdframed Info: Not enough space on this page on input line 908.
 [23]
Package mdframed Info: Not enough space on this page on input line 908.

Underfull \hbox (badness 10000) in paragraph at lines 930--931

 []

Package mdframed Info: mdframed detected package amsthm 
 changed the theorem header of amsthm
(mdframed)              on input line 934.

pdfTeX warning (ext4): destination with the same identifier (name{proposici\303\263n.1}) has been already used, duplicate ignored
<to be read again> 
                   \relax 
l.934 ...osición}[Matriz de covarianza es h.d.p.]
                                                   [24]
Package mdframed Info: mdframed detected package amsthm 
 changed the theorem header of amsthm
(mdframed)              on input line 995.

pdfTeX warning (ext4): destination with the same identifier (name{teorema.1}) has been already used, duplicate ignored
<to be read again> 
                   \relax 
l.995 ...culo simplificado de normas subordinadas]
                                                  

Package mdframed Warning: You got a bad break
(mdframed)                because the last box will be empty
(mdframed)                you have to change it manually
(mdframed)                by changing the text, the space
(mdframed)                or something else on input line 1012.

Package mdframed Info: You first box width is to small
 mdframed fixed it
(mdframed)              on input line 1012.
[25]

Package mdframed Warning: You got a bad break
(mdframed)                because the last split box is empty
(mdframed)                You have to change the settings on input line 1012.

Package mdframed Info: mdframed detected package amsthm 
 changed the theorem header of amsthm
(mdframed)              on input line 1073.

pdfTeX warning (ext4): destination with the same identifier (name{definici\303\263n.2}) has been already used, duplicate ignored
<to be read again> 
                   \relax 
l.1073 \begin{definición}[Norma de Frobenius]
                                              
Package mdframed Info: mdframed detected package amsthm 
 changed the theorem header of amsthm
(mdframed)              on input line 1084.

pdfTeX warning (ext4): destination with the same identifier (name{teorema.1}) has been already used, duplicate ignored
<to be read again> 
                   \relax 
l.1084 ...e una matriz con espectro menor que $1$]
                                                   [26]
Package mdframed Info: mdframed detected package amsthm 
 changed the theorem header of amsthm
(mdframed)              on input line 1122.

pdfTeX warning (ext4): destination with the same identifier (name{teorema.1}) has been already used, duplicate ignored
<to be read again> 
                   \relax 
l.1122 ...ca para sistemas de ecuaciones lineales]
                                                  
Underfull \hbox (badness 10000) in paragraph at lines 1130--1131

 []

[27])
Underfull \hbox (badness 10000) in paragraph at lines 1165--5

 []

[28] (Theory/2 - Resolución de sistemas lineales.tex
Underfull \hbox (badness 10000) in paragraph at lines 4--5

 []


Underfull \hbox (badness 10000) in paragraph at lines 6--7

 []

Package mdframed Info: mdframed detected package amsthm 
 changed the theorem header of amsthm
(mdframed)              on input line 8.

pdfTeX warning (ext4): destination with the same identifier (name{teorema.1}) has been already used, duplicate ignored
<to be read again> 
                   \relax 
l.8 \begin{teorema}[Metodo de Cramer]
                                     
Underfull \hbox (badness 10000) in paragraph at lines 39--40

 []


Underfull \hbox (badness 10000) in paragraph at lines 41--42

 []


Underfull \hbox (badness 10000) in paragraph at lines 52--53

 []

[29]
Underfull \hbox (badness 10000) in paragraph at lines 54--55

 []


Underfull \hbox (badness 10000) in paragraph at lines 86--87

 []

Package mdframed Info: mdframed detected package amsthm 
 changed the theorem header of amsthm
(mdframed)              on input line 90.

pdfTeX warning (ext4): destination with the same identifier (name{proposici\303\263n.1}) has been already used, duplicate ignored
<to be read again> 
                   \relax 
l.90 ...ición}[Método de eliminación Gaussiana]
                                                  
Underfull \hbox (badness 10000) in paragraph at lines 210--211

 []


Underfull \hbox (badness 10000) in paragraph at lines 248--249

 []

[30] [31]
Package mdframed Info: Box was splittet wrong
 starting loop to iterate the splitting point
(mdframed)              on input line 249.
 [32]
Package mdframed Info: mdframed detected package amsthm 
 changed the theorem header of amsthm
(mdframed)              on input line 251.

pdfTeX warning (ext4): destination with the same identifier (name{teorema.2}) has been already used, duplicate ignored
<to be read again> 
                   \relax 
l.251 \begin{teorema}[Descomposición Gaussiana]
                                                
Package mdframed Info: mdframed detected package amsthm 
 changed the theorem header of amsthm
(mdframed)              on input line 264.

pdfTeX warning (ext4): destination with the same identifier (name{observaci\303\263n.1}) has been already used, duplicate ignored
<to be read again> 
                   \relax 
l.264     S
           i además $\det(A) = 0$, entonces podemos encontrar $T$ cuya diag...
Package mdframed Info: mdframed detected package amsthm 
 changed the theorem header of amsthm
(mdframed)              on input line 274.

pdfTeX warning (ext4): destination with the same identifier (name{teorema.1}) has been already used, duplicate ignored
<to be read again> 
                   \relax 
l.274 \begin{teorema}[Factorización LU]
                                         [33]
Package mdframed Info: mdframed detected package amsthm 
 changed the theorem header of amsthm
(mdframed)              on input line 299.

pdfTeX warning (ext4): destination with the same identifier (name{proposici\303\263n.1}) has been already used, duplicate ignored
<to be read again> 
                   \relax 
l.299 ...stemas lineales con la factorización LU]
                                                  
Underfull \hbox (badness 10000) in paragraph at lines 371--372

 []

[34]
Package mdframed Info: mdframed detected package amsthm 
 changed the theorem header of amsthm
(mdframed)              on input line 374.

pdfTeX warning (ext4): destination with the same identifier (name{observaci\303\263n.1}) has been already used, duplicate ignored
<to be read again> 
                   \relax 
l.374     N
           otese que:
Underfull \hbox (badness 10000) in paragraph at lines 380--381

 []

Package mdframed Info: mdframed detected package amsthm 
 changed the theorem header of amsthm
(mdframed)              on input line 382.
Package hyperref Info: bookmark level for unknown lema defaults to 0 on input line 382.
Package mdframed Info: mdframed detected package amsthm 
 changed the theorem header of amsthm
(mdframed)              on input line 386.

pdfTeX warning (ext4): destination with the same identifier (name{teorema.2}) has been already used, duplicate ignored
<to be read again> 
                   \relax 
l.386 ...}[Permisibilidad de la factorización LU]
                                                   [35]
Package mdframed Info: mdframed detected package amsthm 
 changed the theorem header of amsthm
(mdframed)              on input line 481.
Package mdframed Info: Not enough space on this page on input line 486.
 [36]
Package mdframed Info: Not enough space on this page on input line 486.

Underfull \hbox (badness 10000) in paragraph at lines 491--492

 []

Package mdframed Info: mdframed detected package amsthm 
 changed the theorem header of amsthm
(mdframed)              on input line 609.

pdfTeX warning (ext4): destination with the same identifier (name{teorema.1}) has been already used, duplicate ignored
<to be read again> 
                   \relax 
l.609 \begin{teorema}[Factorización de Cholesky]
                                                  [37]) [38] (Theory/3 - Métodos iterativos.tex
Underfull \hbox (badness 10000) in paragraph at lines 4--5

 []

Package mdframed Info: mdframed detected package amsthm 
 changed the theorem header of amsthm
(mdframed)              on input line 28.

pdfTeX warning (ext4): destination with the same identifier (name{definici\303\263n.1}) has been already used, duplicate ignored
<to be read again> 
                   \relax 
l.28 ...ión}[Convergencia de métodos iterativos]
                                                  
Underfull \hbox (badness 10000) in paragraph at lines 44--45

 []

Package mdframed Info: mdframed detected package amsthm 
 changed the theorem header of amsthm
(mdframed)              on input line 48.

pdfTeX warning (ext4): destination with the same identifier (name{proposici\303\263n.1}) has been already used, duplicate ignored
<to be read again> 
                   \relax 
l.48 ...roposición}[Error en métodos iterativos]
                                                  
Package mdframed Info: Box was splittet wrong
 starting loop to iterate the splitting point
(mdframed)              on input line 73.
 [39]
Package mdframed Info: mdframed detected package amsthm 
 changed the theorem header of amsthm
(mdframed)              on input line 75.

pdfTeX warning (ext4): destination with the same identifier (name{proposici\303\263n.2}) has been already used, duplicate ignored
<to be read again> 
                   \relax 
l.75 \begin{proposición}[Criterios de parada]
                                              
Package mdframed Info: mdframed detected package amsthm 
 changed the theorem header of amsthm
(mdframed)              on input line 116.

pdfTeX warning (ext4): destination with the same identifier (name{teorema.1}) has been already used, duplicate ignored
<to be read again> 
                   \relax 
l.116 \begin{teorema}[Metodo de Jacobi]
                                       
Underfull \hbox (badness 10000) in paragraph at lines 172--174

 []

[40]
Package mdframed Info: mdframed detected package amsthm 
 changed the theorem header of amsthm
(mdframed)              on input line 178.

pdfTeX warning (ext4): destination with the same identifier (name{proposici\303\263n.1}) has been already used, duplicate ignored
<to be read again> 
                   \relax 
l.178 ...ión}[Convergencia del método de Jacobi]
                                                   [41]
Package mdframed Info: mdframed detected package amsthm 
 changed the theorem header of amsthm
(mdframed)              on input line 230.

pdfTeX warning (ext4): destination with the same identifier (name{definici\303\263n.1}) has been already used, duplicate ignored
<to be read again> 
                   \relax 
l.230 \begin{definición}[Matriz d.e.d.]
                                        
Package mdframed Info: mdframed detected package amsthm 
 changed the theorem header of amsthm
(mdframed)              on input line 238.

pdfTeX warning (ext4): destination with the same identifier (name{lema.1}) has been already used, duplicate ignored
<to be read again> 
                   \relax 
l.238     S
           ea $A$ una matriz d.e.d., entonces:
Package mdframed Info: mdframed detected package amsthm 
 changed the theorem header of amsthm
(mdframed)              on input line 259.

pdfTeX warning (ext4): destination with the same identifier (name{teorema.2}) has been already used, duplicate ignored
<to be read again> 
                   \relax 
l.259 ...l método de Jacobi para matrices d.e.d.]
                                                   [42]
Package mdframed Info: mdframed detected package amsthm 
 changed the theorem header of amsthm
(mdframed)              on input line 288.

pdfTeX warning (ext4): destination with the same identifier (name{teorema.3}) has been already used, duplicate ignored
<to be read again> 
                   \relax 
l.288 \begin{teorema}[Método de Gauss-Seidel]
                                               [43]
Package mdframed Info: mdframed detected package amsthm 
 changed the theorem header of amsthm
(mdframed)              on input line 347.

pdfTeX warning (ext4): destination with the same identifier (name{teorema.1}) has been already used, duplicate ignored
<to be read again> 
                   \relax 
l.347 ...eorema}[Método de relajación de Jacobi]
                                                  
Package mdframed Info: mdframed detected package amsthm 
 changed the theorem header of amsthm
(mdframed)              on input line 382.

pdfTeX warning (ext4): destination with the same identifier (name{teorema.2}) has been already used, duplicate ignored
<to be read again> 
                   \relax 
l.382 ...}[Método de relajación de Gauss-Seidel]
                                                  
Underfull \hbox (badness 10000) in paragraph at lines 398--400

 []

[44]
Package mdframed Info: mdframed detected package amsthm 
 changed the theorem header of amsthm
(mdframed)              on input line 402.

pdfTeX warning (ext4): destination with the same identifier (name{teorema.3}) has been already used, duplicate ignored
<to be read again> 
                   \relax 
l.402 ...l método de relajación de Gauss-Seidel]
                                                  
Package mdframed Info: mdframed detected package amsthm 
 changed the theorem header of amsthm
(mdframed)              on input line 440.
 [45]
Package mdframed Info: mdframed detected package amsthm 
 changed the theorem header of amsthm
(mdframed)              on input line 480.
Package mdframed Info: mdframed detected package amsthm 
 changed the theorem header of amsthm
(mdframed)              on input line 489.
Package mdframed Info: mdframed detected package amsthm 
 changed the theorem header of amsthm
(mdframed)              on input line 494.

pdfTeX warning (ext4): destination with the same identifier (name{observaci\303\263n.1}) has been already used, duplicate ignored
<to be read again> 
                   \relax 
l.494     N
           otese que si $\omega = 1$, entonces el método de relajación de ... [46]) [47] (Theory/4 - Interpolación polinómica.tex
Underfull \hbox (badness 10000) in paragraph at lines 5--6

 []

Package mdframed Info: mdframed detected package amsthm 
 changed the theorem header of amsthm
(mdframed)              on input line 13.

pdfTeX warning (ext4): destination with the same identifier (name{definici\303\263n.1}) has been already used, duplicate ignored
<to be read again> 
                   \relax 
l.13 \begin{definición}[Espacio de polinomios]
                                               
Package mdframed Info: mdframed detected package amsthm 
 changed the theorem header of amsthm
(mdframed)              on input line 40.

pdfTeX warning (ext4): destination with the same identifier (name{definici\303\263n.1}) has been already used, duplicate ignored
<to be read again> 
                   \relax 
l.40 ...Problema de la interpolación polinómica]
                                                   [48] [49]
Package mdframed Info: mdframed detected package amsthm 
 changed the theorem header of amsthm
(mdframed)              on input line 169.

pdfTeX warning (ext4): destination with the same identifier (name{definici\303\263n.1}) has been already used, duplicate ignored
<to be read again> 
                   \relax 
l.169 ...definición}[Polinomios base de Lagrange]
                                                  
Package mdframed Info: Box was splittet wrong
 starting loop to iterate the splitting point
(mdframed)              on input line 182.
 [50]
Package mdframed Info: mdframed detected package amsthm 
 changed the theorem header of amsthm
(mdframed)              on input line 186.

pdfTeX warning (ext4): destination with the same identifier (name{teorema.1}) has been already used, duplicate ignored
<to be read again> 
                   \relax 
l.186 ...cia y unicidad del polinomio de Lagrange]
                                                  
Package mdframed Info: mdframed detected package amsthm 
 changed the theorem header of amsthm
(mdframed)              on input line 216.

pdfTeX warning (ext4): destination with the same identifier (name{definici\303\263n.1}) has been already used, duplicate ignored
<to be read again> 
                   \relax 
l.216     E
           l error de interpolación de la función $f$ aproximada mediante ... [51]
Package mdframed Info: mdframed detected package amsthm 
 changed the theorem header of amsthm
(mdframed)              on input line 269.

pdfTeX warning (ext4): destination with the same identifier (name{teorema.1}) has been already used, duplicate ignored
<to be read again> 
                   \relax 
l.269 ...ma}[Fórmula del error de interpolación]
                                                   [52] [53]
Package mdframed Info: mdframed detected package amsthm 
 changed the theorem header of amsthm
(mdframed)              on input line 337.

pdfTeX warning (ext4): destination with the same identifier (name{definici\303\263n.1}) has been already used, duplicate ignored
<to be read again> 
                   \relax 
l.337 \begin{definición}[Diferencias divididas]
                                                
Package mdframed Info: mdframed detected package amsthm 
 changed the theorem header of amsthm
(mdframed)              on input line 367.

pdfTeX warning (ext4): destination with the same identifier (name{proposici\303\263n.1}) has been already used, duplicate ignored
<to be read again> 
                   \relax 
l.367 ...}[Simetría de las diferencias divididas]
                                                   [54]
Package mdframed Info: mdframed detected package amsthm 
 changed the theorem header of amsthm
(mdframed)              on input line 382.

pdfTeX warning (ext4): destination with the same identifier (name{definici\303\263n.2}) has been already used, duplicate ignored
<to be read again> 
                   \relax 
l.382 ...ión}[Construcción progresiva de Newton]
                                                  
Package mdframed Info: mdframed detected package amsthm 
 changed the theorem header of amsthm
(mdframed)              on input line 412.

pdfTeX warning (ext4): destination with the same identifier (name{teorema.1}) has been already used, duplicate ignored
<to be read again> 
                   \relax 
l.412 ...ma}[Fórmula de Interpolación de Newton]
                                                   [55] [56]
Package mdframed Info: mdframed detected package amsthm 
 changed the theorem header of amsthm
(mdframed)              on input line 476.

pdfTeX warning (ext4): destination with the same identifier (name{definici\303\263n.1}) has been already used, duplicate ignored
<to be read again> 
                   \relax 
l.476 ...{definición}[Partición de un intervalo]
                                                  
Package mdframed Info: mdframed detected package amsthm 
 changed the theorem header of amsthm
(mdframed)              on input line 484.

pdfTeX warning (ext4): destination with the same identifier (name{definici\303\263n.2}) has been already used, duplicate ignored
<to be read again> 
                   \relax 
l.484 \begin{definición}[Función spline]
                                          
Underfull \hbox (badness 10000) in paragraph at lines 494--495

 []

[57] [58] [59] [60]) [61] (Theory/5 - Diferenciación Numérica.tex [62] [63]) [64] [65] (Theory/6 - Integración Numérica.tex [66] [67]
Overfull \hbox (23.75604pt too wide) in paragraph at lines 145--146
[]\OT1/cmr/m/n/10.95 Para hal-lar una ex-presi^^Son mane-jable de este er-ror, uti-lizare-mos un re-curso anal^^S^^Ptico muy el-e-gante: parametrizare-
 []

[68] [69] [70]
Package mdframed Info: mdframed detected package amsthm 
 changed the theorem header of amsthm
(mdframed)              on input line 282.

pdfTeX warning (ext4): destination with the same identifier (name{teorema.1}) has been already used, duplicate ignored
<to be read again> 
                   \relax 
l.282 ...el Valor Medio Ponderado para Integrales]
                                                   [71] [72]
Overfull \hbox (31.01999pt too wide) in paragraph at lines 414--425
 [] 
 []

[73] [74] [75] [76]) [77] (Theory/7 - Resolución de ecuaciones no lineales.tex
Package mdframed Info: mdframed detected package amsthm 
 changed the theorem header of amsthm
(mdframed)              on input line 15.

pdfTeX warning (ext4): destination with the same identifier (name{definici\303\263n.1}) has been already used, duplicate ignored
<to be read again> 
                   \relax 
l.15 \begin{definición}[Raíz aislada]
                                       
Package mdframed Info: mdframed detected package amsthm 
 changed the theorem header of amsthm
(mdframed)              on input line 23.

pdfTeX warning (ext4): destination with the same identifier (name{observaci\303\263n.1}) has been already used, duplicate ignored
<to be read again> 
                   \relax 
l.23     S
          i una función es derivable, entonces todas sus raices son aisladas.
Package mdframed Info: mdframed detected package amsthm 
 changed the theorem header of amsthm
(mdframed)              on input line 26.

pdfTeX warning (ext4): destination with the same identifier (name{teorema.1}) has been already used, duplicate ignored
<to be read again> 
                   \relax 
l.26 \begin{teorema}[Algoritmo general]
                                       
Package mdframed Info: mdframed detected package amsthm 
 changed the theorem header of amsthm
(mdframed)              on input line 71.

pdfTeX warning (ext4): destination with the same identifier (name{teorema.1}) has been already used, duplicate ignored
<to be read again> 
                   \relax 
l.71 \begin{teorema}[Teorema de Bolzano]
                                        
Package mdframed Info: Not enough space on this page on input line 73.
 [78]
Package mdframed Info: Not enough space on this page on input line 73.
Package mdframed Info: mdframed detected package amsthm 
 changed the theorem header of amsthm
(mdframed)              on input line 75.

pdfTeX warning (ext4): destination with the same identifier (name{teorema.2}) has been already used, duplicate ignored
<to be read again> 
                   \relax 
l.75 \begin{teorema}[Teorema de Rolle]
                                      
Package mdframed Info: mdframed detected package amsthm 
 changed the theorem header of amsthm
(mdframed)              on input line 79.

pdfTeX warning (ext4): destination with the same identifier (name{teorema.3}) has been already used, duplicate ignored
<to be read again> 
                   \relax 
l.79 \begin{teorema}[Teorema del valor medio]
                                             
Package mdframed Info: mdframed detected package amsthm 
 changed the theorem header of amsthm
(mdframed)              on input line 88.

pdfTeX warning (ext4): destination with the same identifier (name{teorema.4}) has been already used, duplicate ignored
<to be read again> 
                   \relax 
l.88 ...orema de existencia y unicidad de raíces]
                                                  
Package mdframed Info: mdframed detected package amsthm 
 changed the theorem header of amsthm
(mdframed)              on input line 112.

pdfTeX warning (ext4): destination with the same identifier (name{teorema.5}) has been already used, duplicate ignored
<to be read again> 
                   \relax 
l.112 ...orema}[Teorema de separación de raíces]
                                                   [79]
Package mdframed Info: mdframed detected package amsthm 
 changed the theorem header of amsthm
(mdframed)              on input line 131.

pdfTeX warning (ext4): destination with the same identifier (name{corolario.1}) has been already used, duplicate ignored
<to be read again> 
                   \relax 
l.131     S
           i tenemos una función $f \in C^2([a,b])$ tal que $f''(x) > 0$ pa...
Package mdframed Info: mdframed detected package amsthm 
 changed the theorem header of amsthm
(mdframed)              on input line 142.

pdfTeX warning (ext4): destination with the same identifier (name{teorema.1}) has been already used, duplicate ignored
<to be read again> 
                   \relax 
l.142 ...ema}[Cota de las raíces de un polinomio]
                                                   [80]
Package mdframed Info: mdframed detected package amsthm 
 changed the theorem header of amsthm
(mdframed)              on input line 188.

pdfTeX warning (ext4): destination with the same identifier (name{teorema.2}) has been already used, duplicate ignored
<to be read again> 
                   \relax 
l.188 \begin{teorema}[Regla de Descartes]
                                         
Package mdframed Info: Box was splittet wrong
 starting loop to iterate the splitting point
(mdframed)              on input line 226.
 [81]
Underfull \hbox (badness 10000) in paragraph at lines 230--231

 []

Package mdframed Info: mdframed detected package amsthm 
 changed the theorem header of amsthm
(mdframed)              on input line 247.

pdfTeX warning (ext4): destination with the same identifier (name{definici\303\263n.1}) has been already used, duplicate ignored
<to be read again> 
                   \relax 
l.247 ...finición}[Orden de un método numérico]
                                                  
Package mdframed Info: mdframed detected package amsthm 
 changed the theorem header of amsthm
(mdframed)              on input line 260.

pdfTeX warning (ext4): destination with the same identifier (name{teorema.1}) has been already used, duplicate ignored
<to be read again> 
                   \relax 
l.260 \begin{teorema}[Método de la bisección]
                                                [82]
Package mdframed Info: mdframed detected package amsthm 
 changed the theorem header of amsthm
(mdframed)              on input line 281.

pdfTeX warning (ext4): destination with the same identifier (name{definici\303\263n.1}) has been already used, duplicate ignored
<to be read again> 
                   \relax 
l.281 \begin{definición}[Aplicación contractiva]
                                                  
Package mdframed Info: mdframed detected package amsthm 
 changed the theorem header of amsthm
(mdframed)              on input line 289.

pdfTeX warning (ext4): destination with the same identifier (name{corolario.1}) has been already used, duplicate ignored
<to be read again> 
                   \relax 
l.289 ...inuidad de las aplicaciones contractivas]
                                                  
Overfull \hbox (24.62715pt too wide) detected at line 313
\OML/cmm/m/it/10.95 F[]\OT1/cmr/m/n/10.95 (\OML/cmm/m/it/10.95 c\OT1/cmr/m/n/10.95 ) = \OML/cmm/m/it/10.95 f[]\OT1/cmr/m/n/10.95 (\OML/cmm/m/it/10.95 c\OT1/cmr/m/n/10.95 ) \OMS/cmsy/m/n/10.95 ^^@ [] \OT1/cmr/m/n/10.95 = 0  =[]\OMS/cmsy/m/n/10.95 )  \OML/cmm/m/it/10.95 f\OT1/cmr/m/n/10.95 (\OML/cmm/m/it/10.95 y\OT1/cmr/m/n/10.95 ) \OMS/cmsy/m/n/10.95 ^^@ \OML/cmm/m/it/10.95 f\OT1/cmr/m/n/10.95 (\OML/cmm/m/it/10.95 x\OT1/cmr/m/n/10.95 ) = \OML/cmm/m/it/10.95 f[]\OT1/cmr/m/n/10.95 (\OML/cmm/m/it/10.95 c\OT1/cmr/m/n/10.95 )(\OML/cmm/m/it/10.95 y \OMS/cmsy/m/n/10.95 ^^@ \OML/cmm/m/it/10.95 x\OT1/cmr/m/n/10.95 )  =[]\OMS/cmsy/m/n/10.95 )  j\OML/cmm/m/it/10.95 f\OT1/cmr/m/n/10.95 (\OML/cmm/m/it/10.95 y\OT1/cmr/m/n/10.95 ) \OMS/cmsy/m/n/10.95 ^^@ \OML/cmm/m/it/10.95 f\OT1/cmr/m/n/10.95 (\OML/cmm/m/it/10.95 x\OT1/cmr/m/n/10.95 )\OMS/cmsy/m/n/10.95 j \OT1/cmr/m/n/10.95 = \OMS/cmsy/m/n/10.95 j\OML/cmm/m/it/10.95 f[]\OT1/cmr/m/n/10.95 (\OML/cmm/m/it/10.95 c\OT1/cmr/m/n/10.95 )\OMS/cmsy/m/n/10.95 jj\OML/cmm/m/it/10.95 y \OMS/cmsy/m/n/10.95 ^^@ \OML/cmm/m/it/10.95 x\OMS/cmsy/m/n/10.95 j ^^T k\OML/cmm/m/it/10.95 f[]\OMS/cmsy/m/n/10.95 k[]j\OML/cmm/m/it/10.95 y \OMS/cmsy/m/n/10.95 ^^@ \OML/cmm/m/it/10.95 x\OMS/cmsy/m/n/10.95 j
 []

[83]
Package mdframed Info: mdframed detected package amsthm 
 changed the theorem header of amsthm
(mdframed)              on input line 344.

pdfTeX warning (ext4): destination with the same identifier (name{teorema.1}) has been already used, duplicate ignored
<to be read again> 
                   \relax 
l.344 \begin{teorema}[Teorema de Banach]
                                         [84]
Underfull \hbox (badness 10000) in paragraph at lines 477--477

 []


Underfull \hbox (badness 10000) in paragraph at lines 477--477

 []


Underfull \hbox (badness 10000) in paragraph at lines 477--477

 []


Underfull \hbox (badness 10000) in paragraph at lines 477--477

 []

[85]
Underfull \hbox (badness 10000) in paragraph at lines 513--513

 []

[86]
Package mdframed Info: mdframed detected package amsthm 
 changed the theorem header of amsthm
(mdframed)              on input line 515.

pdfTeX warning (ext4): destination with the same identifier (name{teorema.2}) has been already used, duplicate ignored
<to be read again> 
                   \relax 
l.515 \begin{teorema}[Estabilidad de puntos fijos]
                                                  
Package mdframed Info: mdframed detected package amsthm 
 changed the theorem header of amsthm
(mdframed)              on input line 529.

pdfTeX warning (ext4): destination with the same identifier (name{teorema.1}) has been already used, duplicate ignored
<to be read again> 
                   \relax 
l.529     S
           ean: [87]
Package mdframed Info: mdframed detected package amsthm 
 changed the theorem header of amsthm
(mdframed)              on input line 576.

pdfTeX warning (ext4): destination with the same identifier (name{observaci\303\263n.1}) has been already used, duplicate ignored
<to be read again> 
                   \relax 
l.576     V
           eamos 3 observaciones interesantes sobre el método de Newton:
Package mdframed Info: mdframed detected package amsthm 
 changed the theorem header of amsthm
(mdframed)              on input line 584.

pdfTeX warning (ext4): destination with the same identifier (name{teorema.2}) has been already used, duplicate ignored
<to be read again> 
                   \relax 
l.584 \begin{teorema}[Método de Newton]
                                        

Package mdframed Warning: You got a bad break
(mdframed)                because the last box will be empty
(mdframed)                you have to change it manually
(mdframed)                by changing the text, the space
(mdframed)                or something else on input line 593.

Package mdframed Info: Box was splittet wrong
 starting loop to iterate the splitting point
(mdframed)              on input line 593.
[88])) [89] [90] (Exercises/Hojas.tex Excluding 'comment' comment. (Exercises/Hoja6.tex [91] [92] [93] [94] [95] [96]) [97]) [98] (Exams/Examenes Resueltos.tex Excluding 'comment' comment. (Exams/Examen 1.tex
pdfTeX warning (ext4): destination with the same identifier (name{ejercicio.1}) has been already used, duplicate ignored
<to be read again> 
                   \relax 
l.19 }
      
pdfTeX warning (ext4): destination with the same identifier (name{ejercicio.2}) has been already used, duplicate ignored
<to be read again> 
                   \relax 
l.69 }
       [99]
pdfTeX warning (ext4): destination with the same identifier (name{ejercicio.3}) has been already used, duplicate ignored
<to be read again> 
                   \relax 
l.137 }
        [100]
pdfTeX warning (ext4): destination with the same identifier (name{ejercicio.4}) has been already used, duplicate ignored
<to be read again> 
                   \relax 
l.218 }
        [101] [102]
pdfTeX warning (ext4): destination with the same identifier (name{ejercicio.5}) has been already used, duplicate ignored
<to be read again> 
                   \relax 
l.225 }
       ) [103

]) [104] (Appendix/Appendix.tex Excluding 'comment' comment. (Appendix/Normas.tex
Package mdframed Info: mdframed detected package amsthm 
 changed the theorem header of amsthm
(mdframed)              on input line 3.

pdfTeX warning (ext4): destination with the same identifier (name{definici\303\263n.1}) has been already used, duplicate ignored
<to be read again> 
                   \relax 
l.3 ...n{definición}[Norma euclidea de un vector]
                                                  
Package mdframed Info: mdframed detected package amsthm 
 changed the theorem header of amsthm
(mdframed)              on input line 10.

pdfTeX warning (ext4): destination with the same identifier (name{definici\303\263n.2}) has been already used, duplicate ignored
<to be read again> 
                   \relax 
l.10 \begin{definición}[Norma 1 de un vector]
                                              
Package mdframed Info: mdframed detected package amsthm 
 changed the theorem header of amsthm
(mdframed)              on input line 17.

pdfTeX warning (ext4): destination with the same identifier (name{definici\303\263n.3}) has been already used, duplicate ignored
<to be read again> 
                   \relax 
l.17 ...{definición}[Norma infinito de un vector]
                                                  
Package mdframed Info: mdframed detected package amsthm 
 changed the theorem header of amsthm
(mdframed)              on input line 24.

pdfTeX warning (ext4): destination with the same identifier (name{definici\303\263n.4}) has been already used, duplicate ignored
<to be read again> 
                   \relax 
l.24 \begin{definición}[Norma $p$ de un vector]
                                                
Package mdframed Info: mdframed detected package amsthm 
 changed the theorem header of amsthm
(mdframed)              on input line 31.

pdfTeX warning (ext4): destination with the same identifier (name{definici\303\263n.5}) has been already used, duplicate ignored
<to be read again> 
                   \relax 
l.31 \begin{definición}[Norma 1 de una matriz]
                                               
Package mdframed Info: mdframed detected package amsthm 
 changed the theorem header of amsthm
(mdframed)              on input line 39.

pdfTeX warning (ext4): destination with the same identifier (name{definici\303\263n.6}) has been already used, duplicate ignored
<to be read again> 
                   \relax 
l.39 ...definición}[Norma infinito de una matriz]
                                                  
Package mdframed Info: Box was splittet wrong
 starting loop to iterate the splitting point
(mdframed)              on input line 45.
 [105]
Package mdframed Info: mdframed detected package amsthm 
 changed the theorem header of amsthm
(mdframed)              on input line 47.

pdfTeX warning (ext4): destination with the same identifier (name{definici\303\263n.7}) has been already used, duplicate ignored
<to be read again> 
                   \relax 
l.47 \begin{definición}[Norma de Frobenius]
                                            
Package mdframed Info: mdframed detected package amsthm 
 changed the theorem header of amsthm
(mdframed)              on input line 54.

pdfTeX warning (ext4): destination with the same identifier (name{definici\303\263n.8}) has been already used, duplicate ignored
<to be read again> 
                   \relax 
l.54 ...ición}[Norma 2 o espectral de una matriz]
                                                  
Package mdframed Info: mdframed detected package amsthm 
 changed the theorem header of amsthm
(mdframed)              on input line 62.

pdfTeX warning (ext4): destination with the same identifier (name{definici\303\263n.9}) has been already used, duplicate ignored
<to be read again> 
                   \relax 
l.62 ...ión}[Norma $p$ subordinada de una matriz]
                                                  ) [106] (Appendix/Agradecimientos.tex

Package hyperref Warning: Token not allowed in a PDF string (Unicode):
(hyperref)                \hskip 10.95003pt
(hyperref)                replaced by space on input line 15.

) [107])
<doclicense-CC-by-nc-nd-88x31.pdf, id=1512, 90.3375pt x 31.61812pt>
File: doclicense-CC-by-nc-nd-88x31.pdf Graphic file (type pdf)
<use doclicense-CC-by-nc-nd-88x31.pdf>
Package pdftex.def Info: doclicense-CC-by-nc-nd-88x31.pdf  used on input line 157.
(pdftex.def)             Requested size: 109.50027pt x 38.32556pt.
 (C:\Users\diego\AppData\Local\Programs\MiKTeX\tex/generic/stringenc\se-pdfdoc.def
File: se-pdfdoc.def 2019/11/29 v1.12 stringenc: PDFDocEncoding
) (C:\Users\diego\AppData\Local\Programs\MiKTeX\tex/generic/stringenc\se-utf8.def
File: se-utf8.def 2019/11/29 v1.12 stringenc: UTF-8
) [108 <C:/Users/diego/AppData/Local/Programs/MiKTeX/tex/latex/doclicense/images/doclicense-CC-by-nc-nd-88x31.pdf>] (main.aux)
 ***********
LaTeX2e <2026-06-01>
L3 programming layer <2026-08-10>
 ***********
Package rerunfilecheck Info: File `main.out' has not changed.
(rerunfilecheck)             Checksum: A6B9E72DED8B91341A4CC629204C086F;11297.
 ) 
Here is how much of TeX's memory you used:
 53037 strings out of 467441
 1234872 string characters out of 5407592
 1916010 words of memory out of 5000000
 80903 multiletter control sequences out of 15000+600000
 654523 words of font info for 143 fonts, out of 8000000 for 9000
 1141 hyphenation exceptions out of 8191
 109i,17n,112p,1045b,1231s stack positions out of 10000i,1000n,20000p,200000b,200000s
 <C:\Users\diego\AppData\Local\MiKTeX\fonts/pk/ljfour/public/esint/dpi657\esint10.pk> <C:\Users\diego\AppData\Local\MiKTeX\fonts/pk/ljfour/jknappen/ec/dpi600\tcrm1095.pk><C:/Users/diego/AppData/Local/Programs/MiKTeX/fonts/type1/public/amsfonts/cm/cmbx10.pfb><C:/Users/diego/AppData/Local/Programs/MiKTeX/fonts/type1/public/amsfonts/cm/cmbx12.pfb><C:/Users/diego/AppData/Local/Programs/MiKTeX/fonts/type1/public/amsfonts/cm/cmbx8.pfb><C:/Users/diego/AppData/Local/Programs/MiKTeX/fonts/type1/public/amsfonts/cm/cmbxti10.pfb><C:/Users/diego/AppData/Local/Programs/MiKTeX/fonts/type1/public/amsfonts/cm/cmcsc10.pfb><C:/Users/diego/AppData/Local/Programs/MiKTeX/fonts/type1/public/amsfonts/cm/cmex10.pfb><C:/Users/diego/AppData/Local/Programs/MiKTeX/fonts/type1/public/amsfonts/cmextra/cmex8.pfb><C:/Users/diego/AppData/Local/Programs/MiKTeX/fonts/type1/public/amsfonts/cm/cmmi10.pfb><C:/Users/diego/AppData/Local/Programs/MiKTeX/fonts/type1/public/amsfonts/cm/cmmi6.pfb><C:/Users/diego/AppData/Local/Programs/MiKTeX/fonts/type1/public/amsfonts/cm/cmmi8.pfb><C:/Users/diego/AppData/Local/Programs/MiKTeX/fonts/type1/public/amsfonts/cm/cmr10.pfb><C:/Users/diego/AppData/Local/Programs/MiKTeX/fonts/type1/public/amsfonts/cm/cmr12.pfb><C:/Users/diego/AppData/Local/Programs/MiKTeX/fonts/type1/public/amsfonts/cm/cmr6.pfb><C:/Users/diego/AppData/Local/Programs/MiKTeX/fonts/type1/public/amsfonts/cm/cmr8.pfb><C:/Users/diego/AppData/Local/Programs/MiKTeX/fonts/type1/public/amsfonts/cm/cmr9.pfb><C:/Users/diego/AppData/Local/Programs/MiKTeX/fonts/type1/public/amsfonts/cm/cmsy10.pfb><C:/Users/diego/AppData/Local/Programs/MiKTeX/fonts/type1/public/amsfonts/cm/cmsy6.pfb><C:/Users/diego/AppData/Local/Programs/MiKTeX/fonts/type1/public/amsfonts/cm/cmsy8.pfb><C:/Users/diego/AppData/Local/Programs/MiKTeX/fonts/type1/public/amsfonts/cm/cmti10.pfb><C:/Users/diego/AppData/Local/Programs/MiKTeX/fonts/type1/public/amsfonts/cm/cmti12.pfb><C:/Users/diego/AppData/Local/Programs/MiKTeX/fonts/type1/public/amsfonts/cm/cmti8.pfb><C:/Users/diego/AppData/Local/Programs/MiKTeX/fonts/type1/public/amsfonts/symbols/msbm10.pfb>
Output written on main.pdf (109 pages, 1384507 bytes).
PDF statistics:
 1726 PDF objects out of 1728 (max. 8388607)
 467 named destinations out of 1000 (max. 500000)
 635 words of extra memory for PDF output out of 10000 (max. 10000000)

